X,CH1,CH2,Start,Increment,
Sequence,Volt,Volt,1.666640e-04,2.000000e-09
0,-3.20e-02,3.20e+01,
1,-2.40e-02,3.20e+01,
2,-3.20e-02,3.20e+01,
3,-3.20e-02,3.20e+01,
4,-3.20e-02,3.20e+01,
5,-3.20e-02,3.20e+01,
6,-3.20e-02,3.20e+01,
7,-3.20e-02,3.20e+01,
8,-3.20e-02,3.20e+01,
9,-3.20e-02,3.20e+01,
10,-3.20e-02,3.20e+01,
11,-3.20e-02,3.20e+01,
12,-2.40e-02,3.20e+01,
13,-3.20e-02,3.20e+01,
14,-3.20e-02,3.20e+01,
15,-3.20e-02,3.20e+01,
16,-3.20e-02,3.20e+01,
17,-3.20e-02,3.20e+01,
18,-3.20e-02,3.20e+01,
19,-3.20e-02,3.20e+01,
20,-3.20e-02,3.20e+01,
21,-2.40e-02,3.20e+01,
22,-3.20e-02,3.20e+01,
23,-3.20e-02,3.20e+01,
24,-3.20e-02,3.20e+01,
25,-3.20e-02,3.20e+01,
26,-3.20e-02,3.20e+01,
27,-3.20e-02,3.20e+01,
28,-3.20e-02,3.12e+01,
29,-2.40e-02,3.20e+01,
30,-3.20e-02,3.20e+01,
31,-3.20e-02,3.20e+01,
32,-3.20e-02,3.20e+01,
33,-2.40e-02,3.20e+01,
34,-3.20e-02,3.20e+01,
35,-3.20e-02,3.12e+01,
36,-3.20e-02,3.20e+01,
37,-2.40e-02,3.20e+01,
38,-3.20e-02,3.20e+01,
39,-3.20e-02,3.20e+01,
40,-3.20e-02,3.20e+01,
41,-2.40e-02,3.20e+01,
42,-3.20e-02,3.20e+01,
43,-3.20e-02,3.20e+01,
44,-3.20e-02,3.12e+01,
45,-2.40e-02,3.20e+01,
46,-3.20e-02,3.20e+01,
47,-3.20e-02,3.20e+01,
48,-3.20e-02,3.20e+01,
49,-2.40e-02,3.20e+01,
50,-3.20e-02,3.20e+01,
51,-3.20e-02,3.20e+01,
52,-3.20e-02,3.20e+01,
53,-3.20e-02,3.20e+01,
54,-3.20e-02,3.20e+01,
55,-3.20e-02,3.12e+01,
56,-3.20e-02,3.20e+01,
57,-3.20e-02,3.20e+01,
58,-3.20e-02,3.20e+01,
59,-3.20e-02,3.20e+01,
60,-3.20e-02,3.20e+01,
61,-3.20e-02,3.20e+01,
62,-3.20e-02,3.20e+01,
63,-3.20e-02,3.20e+01,
64,-3.20e-02,3.20e+01,
65,-2.40e-02,3.20e+01,
66,-3.20e-02,3.20e+01,
67,-3.20e-02,3.20e+01,
68,-3.20e-02,3.20e+01,
69,-2.40e-02,3.20e+01,
70,-3.20e-02,3.20e+01,
71,-2.40e-02,3.20e+01,
72,-3.20e-02,3.20e+01,
73,-3.20e-02,3.20e+01,
74,-3.20e-02,3.20e+01,
75,-3.20e-02,3.12e+01,
76,-3.20e-02,3.20e+01,
77,-2.40e-02,3.20e+01,
78,-3.20e-02,3.20e+01,
79,-3.20e-02,3.20e+01,
80,-3.20e-02,3.20e+01,
81,-3.20e-02,3.20e+01,
82,-3.20e-02,3.20e+01,
83,-3.20e-02,3.12e+01,
84,-3.20e-02,3.20e+01,
85,-3.20e-02,3.20e+01,
86,-2.40e-02,3.12e+01,
87,-3.20e-02,3.20e+01,
88,-3.20e-02,3.12e+01,
89,-3.20e-02,3.20e+01,
90,-3.20e-02,3.20e+01,
91,-3.20e-02,3.12e+01,
92,-3.20e-02,3.20e+01,
93,-2.40e-02,3.20e+01,
94,-3.20e-02,3.20e+01,
95,-3.20e-02,3.20e+01,
96,-3.20e-02,3.20e+01,
97,-3.20e-02,3.20e+01,
98,-3.20e-02,3.20e+01,
99,-3.20e-02,3.20e+01,
100,-3.20e-02,3.20e+01,
101,-2.40e-02,3.20e+01,
102,-3.20e-02,3.20e+01,
103,-3.20e-02,3.20e+01,
104,-3.20e-02,3.20e+01,
105,-3.20e-02,3.20e+01,
106,-3.20e-02,3.20e+01,
107,-3.20e-02,3.20e+01,
108,-3.20e-02,3.20e+01,
109,-3.20e-02,3.20e+01,
110,-2.40e-02,3.20e+01,
111,-3.20e-02,3.20e+01,
112,-3.20e-02,3.20e+01,
113,-2.40e-02,3.20e+01,
114,-3.20e-02,3.20e+01,
115,-3.20e-02,3.20e+01,
116,-3.20e-02,3.20e+01,
117,-3.20e-02,3.20e+01,
118,-3.20e-02,3.20e+01,
119,-3.20e-02,3.20e+01,
120,-3.20e-02,3.20e+01,
121,-2.40e-02,3.20e+01,
122,-3.20e-02,3.20e+01,
123,-3.20e-02,3.20e+01,
124,-3.20e-02,3.20e+01,
125,-2.40e-02,3.20e+01,
126,-3.20e-02,3.20e+01,
127,-3.20e-02,3.20e+01,
128,-2.40e-02,3.20e+01,
129,-3.20e-02,3.20e+01,
130,-3.20e-02,3.20e+01,
131,-3.20e-02,3.20e+01,
132,-3.20e-02,3.12e+01,
133,-2.40e-02,3.20e+01,
134,-3.20e-02,3.20e+01,
135,-3.20e-02,3.20e+01,
136,-3.20e-02,3.20e+01,
137,-2.40e-02,3.20e+01,
138,-3.20e-02,3.20e+01,
139,-3.20e-02,3.20e+01,
140,-3.20e-02,3.12e+01,
141,-2.40e-02,3.20e+01,
142,-3.20e-02,3.20e+01,
143,-3.20e-02,3.20e+01,
144,-3.20e-02,3.20e+01,
145,-3.20e-02,3.20e+01,
146,-3.20e-02,3.20e+01,
147,-3.20e-02,3.12e+01,
148,-3.20e-02,3.20e+01,
149,-2.40e-02,3.20e+01,
150,-3.20e-02,3.20e+01,
151,-3.20e-02,3.20e+01,
152,-3.20e-02,3.12e+01,
153,-2.40e-02,3.20e+01,
154,-3.20e-02,3.20e+01,
155,-3.20e-02,3.20e+01,
156,-3.20e-02,3.20e+01,
157,-2.40e-02,3.20e+01,
158,-3.20e-02,3.20e+01,
159,-3.20e-02,3.20e+01,
160,-3.20e-02,3.20e+01,
161,-3.20e-02,3.20e+01,
162,-3.20e-02,3.20e+01,
163,-3.20e-02,3.20e+01,
164,-3.20e-02,3.20e+01,
165,-2.40e-02,3.20e+01,
166,-3.20e-02,3.20e+01,
167,-3.20e-02,3.20e+01,
168,-3.20e-02,3.20e+01,
169,-2.40e-02,3.20e+01,
170,-3.20e-02,3.20e+01,
171,-3.20e-02,3.20e+01,
172,-3.20e-02,3.20e+01,
173,-2.40e-02,3.20e+01,
174,-3.20e-02,3.12e+01,
175,-3.20e-02,3.20e+01,
176,-3.20e-02,3.20e+01,
177,-3.20e-02,3.20e+01,
178,-3.20e-02,3.20e+01,
179,-3.20e-02,3.20e+01,
180,-3.20e-02,3.20e+01,
181,-2.40e-02,3.20e+01,
182,-3.20e-02,3.20e+01,
183,-3.20e-02,3.20e+01,
184,-3.20e-02,3.12e+01,
185,-3.20e-02,3.20e+01,
186,-3.20e-02,3.20e+01,
187,-3.20e-02,3.12e+01,
188,-3.20e-02,3.20e+01,
189,-2.40e-02,3.20e+01,
190,-3.20e-02,3.20e+01,
191,-3.20e-02,3.20e+01,
192,-3.20e-02,3.12e+01,
193,-3.20e-02,3.20e+01,
194,-3.20e-02,3.20e+01,
195,-3.20e-02,3.12e+01,
196,-3.20e-02,3.20e+01,
197,-2.40e-02,3.12e+01,
198,-3.20e-02,3.20e+01,
199,-3.20e-02,3.20e+01,
200,-3.20e-02,3.20e+01,
201,-2.40e-02,3.20e+01,
202,-3.20e-02,3.20e+01,
203,-3.20e-02,3.12e+01,
204,-3.20e-02,3.20e+01,
205,-2.40e-02,3.12e+01,
206,-3.20e-02,3.20e+01,
207,-3.20e-02,3.20e+01,
208,-3.20e-02,3.20e+01,
209,-3.20e-02,3.20e+01,
210,-3.20e-02,3.20e+01,
211,-3.20e-02,3.20e+01,
212,-3.20e-02,3.12e+01,
213,-2.40e-02,3.20e+01,
214,-3.20e-02,3.20e+01,
215,-3.20e-02,3.20e+01,
216,-3.20e-02,3.12e+01,
217,-2.40e-02,3.20e+01,
218,-3.20e-02,3.20e+01,
219,-3.20e-02,3.20e+01,
220,-3.20e-02,3.12e+01,
221,-2.40e-02,3.20e+01,
222,-3.20e-02,3.20e+01,
223,-3.20e-02,3.20e+01,
224,-3.20e-02,3.12e+01,
225,-3.20e-02,3.20e+01,
226,-3.20e-02,3.20e+01,
227,-3.20e-02,3.12e+01,
228,-3.20e-02,3.20e+01,
229,-3.20e-02,3.12e+01,
230,-3.20e-02,3.20e+01,
231,-3.20e-02,3.20e+01,
232,-3.20e-02,3.12e+01,
233,-3.20e-02,3.20e+01,
234,-3.20e-02,3.20e+01,
235,-3.20e-02,3.12e+01,
236,-3.20e-02,3.20e+01,
237,-2.40e-02,3.12e+01,
238,-3.20e-02,3.12e+01,
239,-3.20e-02,3.12e+01,
240,-3.20e-02,3.12e+01,
241,-2.40e-02,3.20e+01,
242,-3.20e-02,3.12e+01,
243,-3.20e-02,3.20e+01,
244,-3.20e-02,3.12e+01,
245,-2.40e-02,3.12e+01,
246,-3.20e-02,3.20e+01,
247,-2.40e-02,3.20e+01,
248,-3.20e-02,3.20e+01,
249,-3.20e-02,3.20e+01,
250,-3.20e-02,3.20e+01,
251,-3.20e-02,3.20e+01,
252,-2.40e-02,3.12e+01,
253,-2.40e-02,3.12e+01,
254,-3.20e-02,3.20e+01,
255,-3.20e-02,3.12e+01,
256,-3.20e-02,3.12e+01,
257,-3.20e-02,3.20e+01,
258,-3.20e-02,3.20e+01,
259,-3.20e-02,3.12e+01,
260,-3.20e-02,3.20e+01,
261,-2.40e-02,3.20e+01,
262,-3.20e-02,3.12e+01,
263,-3.20e-02,3.12e+01,
264,-3.20e-02,3.20e+01,
265,-2.40e-02,3.12e+01,
266,-3.20e-02,3.20e+01,
267,-3.20e-02,3.12e+01,
268,-3.20e-02,3.20e+01,
269,-2.40e-02,3.12e+01,
270,-3.20e-02,3.20e+01,
271,-3.20e-02,3.12e+01,
272,-3.20e-02,3.20e+01,
273,-2.40e-02,3.20e+01,
274,-3.20e-02,3.20e+01,
275,-3.20e-02,3.12e+01,
276,-3.20e-02,3.20e+01,
277,-3.20e-02,3.20e+01,
278,-3.20e-02,3.20e+01,
279,-3.20e-02,3.12e+01,
280,-3.20e-02,3.12e+01,
281,-3.20e-02,3.20e+01,
282,-3.20e-02,3.20e+01,
283,-3.20e-02,3.12e+01,
284,-2.40e-02,3.20e+01,
285,-2.40e-02,3.20e+01,
286,-3.20e-02,3.12e+01,
287,-3.20e-02,3.20e+01,
288,-3.20e-02,3.12e+01,
289,-2.40e-02,3.20e+01,
290,-3.20e-02,3.20e+01,
291,-3.20e-02,3.12e+01,
292,-3.20e-02,3.20e+01,
293,-2.40e-02,3.20e+01,
294,-3.20e-02,3.12e+01,
295,-3.20e-02,3.12e+01,
296,-3.20e-02,3.12e+01,
297,-2.40e-02,3.20e+01,
298,-3.20e-02,3.12e+01,
299,-3.20e-02,3.20e+01,
300,-3.20e-02,3.12e+01,
301,-3.20e-02,3.12e+01,
302,-3.20e-02,3.12e+01,
303,-3.20e-02,3.12e+01,
304,-3.20e-02,3.12e+01,
305,-2.40e-02,3.12e+01,
306,-3.20e-02,3.20e+01,
307,-3.20e-02,3.12e+01,
308,-3.20e-02,3.12e+01,
309,-2.40e-02,3.20e+01,
310,-3.20e-02,3.20e+01,
311,-3.20e-02,3.12e+01,
312,-3.20e-02,3.12e+01,
313,-3.20e-02,3.20e+01,
314,-3.20e-02,3.12e+01,
315,-3.20e-02,3.12e+01,
316,-3.20e-02,3.12e+01,
317,-3.20e-02,3.12e+01,
318,-3.20e-02,3.12e+01,
319,-3.20e-02,3.20e+01,
320,-3.20e-02,3.20e+01,
321,-3.20e-02,3.12e+01,
322,-3.20e-02,3.20e+01,
323,-3.20e-02,3.20e+01,
324,-3.20e-02,3.12e+01,
325,-3.20e-02,3.12e+01,
326,-3.20e-02,3.12e+01,
327,-3.20e-02,3.12e+01,
328,-3.20e-02,3.12e+01,
329,-3.20e-02,3.20e+01,
330,-3.20e-02,3.20e+01,
331,-3.20e-02,3.20e+01,
332,-3.20e-02,3.12e+01,
333,-3.20e-02,3.20e+01,
334,-3.20e-02,3.20e+01,
335,-3.20e-02,3.12e+01,
336,-3.20e-02,3.12e+01,
337,-3.20e-02,3.12e+01,
338,-3.20e-02,3.12e+01,
339,-3.20e-02,3.12e+01,
340,-3.20e-02,3.12e+01,
341,-2.40e-02,3.12e+01,
342,-3.20e-02,3.20e+01,
343,-3.20e-02,3.12e+01,
344,-3.20e-02,3.12e+01,
345,-3.20e-02,3.20e+01,
346,-3.20e-02,3.20e+01,
347,-3.20e-02,3.12e+01,
348,-3.20e-02,3.12e+01,
349,-3.20e-02,3.12e+01,
350,-3.20e-02,3.12e+01,
351,-3.20e-02,3.20e+01,
352,-3.20e-02,3.12e+01,
353,-3.20e-02,3.12e+01,
354,-3.20e-02,3.12e+01,
355,-3.20e-02,3.12e+01,
356,-3.20e-02,3.12e+01,
357,-3.20e-02,3.12e+01,
358,-3.20e-02,3.12e+01,
359,-2.40e-02,3.12e+01,
360,-3.20e-02,3.12e+01,
361,-2.40e-02,3.12e+01,
362,-3.20e-02,3.12e+01,
363,-3.20e-02,3.12e+01,
364,-3.20e-02,3.20e+01,
365,-2.40e-02,3.12e+01,
366,-3.20e-02,3.20e+01,
367,-3.20e-02,3.12e+01,
368,-3.20e-02,3.12e+01,
369,-2.40e-02,3.20e+01,
370,-3.20e-02,3.12e+01,
371,-3.20e-02,3.12e+01,
372,-3.20e-02,3.12e+01,
373,-2.40e-02,3.20e+01,
374,-3.20e-02,3.12e+01,
375,-3.20e-02,3.12e+01,
376,-3.20e-02,3.12e+01,
377,-3.20e-02,3.20e+01,
378,-3.20e-02,3.20e+01,
379,-3.20e-02,3.12e+01,
380,-3.20e-02,3.12e+01,
381,-3.20e-02,3.20e+01,
382,-3.20e-02,3.12e+01,
383,-3.20e-02,3.12e+01,
384,-3.20e-02,3.12e+01,
385,-3.20e-02,3.12e+01,
386,-3.20e-02,3.12e+01,
387,-3.20e-02,3.12e+01,
388,-3.20e-02,3.12e+01,
389,-3.20e-02,3.20e+01,
390,-3.20e-02,3.12e+01,
391,-3.20e-02,3.12e+01,
392,-3.20e-02,3.12e+01,
393,-2.40e-02,3.12e+01,
394,-3.20e-02,3.12e+01,
395,-3.20e-02,3.12e+01,
396,-3.20e-02,3.12e+01,
397,-3.20e-02,3.12e+01,
398,-3.20e-02,3.12e+01,
399,-3.20e-02,3.12e+01,
400,-3.20e-02,3.12e+01,
401,-2.40e-02,3.20e+01,
402,-3.20e-02,3.12e+01,
403,-3.20e-02,3.12e+01,
404,-3.20e-02,3.12e+01,
405,-2.40e-02,3.12e+01,
406,-3.20e-02,3.12e+01,
407,-3.20e-02,3.12e+01,
408,-3.20e-02,3.12e+01,
409,-2.40e-02,3.12e+01,
410,-3.20e-02,3.20e+01,
411,-3.20e-02,3.12e+01,
412,-3.20e-02,3.12e+01,
413,-2.40e-02,3.12e+01,
414,-3.20e-02,3.12e+01,
415,-3.20e-02,3.12e+01,
416,-3.20e-02,3.12e+01,
417,-3.20e-02,3.12e+01,
418,-3.20e-02,3.12e+01,
419,-3.20e-02,3.12e+01,
420,-3.20e-02,3.12e+01,
421,-2.40e-02,3.12e+01,
422,-3.20e-02,3.12e+01,
423,-3.20e-02,3.12e+01,
424,-3.20e-02,3.12e+01,
425,-2.40e-02,3.12e+01,
426,-3.20e-02,3.20e+01,
427,-3.20e-02,3.12e+01,
428,-3.20e-02,3.12e+01,
429,-3.20e-02,3.12e+01,
430,-3.20e-02,3.12e+01,
431,-3.20e-02,3.12e+01,
432,-3.20e-02,3.12e+01,
433,-2.40e-02,3.20e+01,
434,-3.20e-02,3.12e+01,
435,-3.20e-02,3.12e+01,
436,-3.20e-02,3.12e+01,
437,-3.20e-02,3.12e+01,
438,-3.20e-02,3.12e+01,
439,-3.20e-02,3.12e+01,
440,-3.20e-02,3.12e+01,
441,-3.20e-02,3.12e+01,
442,-3.20e-02,3.12e+01,
443,-3.20e-02,3.12e+01,
444,-3.20e-02,3.12e+01,
445,-2.40e-02,3.12e+01,
446,-2.40e-02,3.12e+01,
447,-3.20e-02,3.12e+01,
448,-3.20e-02,3.12e+01,
449,-2.40e-02,3.20e+01,
450,-3.20e-02,3.12e+01,
451,-3.20e-02,3.12e+01,
452,-3.20e-02,3.12e+01,
453,-2.40e-02,3.12e+01,
454,-3.20e-02,3.12e+01,
455,-3.20e-02,3.12e+01,
456,-3.20e-02,3.12e+01,
457,-2.40e-02,3.12e+01,
458,-3.20e-02,3.12e+01,
459,-3.20e-02,3.12e+01,
460,-3.20e-02,3.12e+01,
461,-3.20e-02,3.12e+01,
462,-3.20e-02,3.12e+01,
463,-3.20e-02,3.12e+01,
464,-3.20e-02,3.12e+01,
465,-2.40e-02,3.12e+01,
466,-3.20e-02,3.12e+01,
467,-3.20e-02,3.12e+01,
468,-3.20e-02,3.12e+01,
469,-3.20e-02,3.12e+01,
470,-3.20e-02,3.12e+01,
471,-3.20e-02,3.12e+01,
472,-3.20e-02,3.12e+01,
473,-2.40e-02,3.12e+01,
474,-3.20e-02,3.12e+01,
475,-3.20e-02,3.12e+01,
476,-3.20e-02,3.12e+01,
477,-2.40e-02,3.12e+01,
478,-3.20e-02,3.12e+01,
479,-3.20e-02,3.12e+01,
480,-3.20e-02,3.12e+01,
481,-3.20e-02,3.12e+01,
482,-3.20e-02,3.20e+01,
483,-3.20e-02,3.12e+01,
484,-3.20e-02,3.12e+01,
485,-2.40e-02,3.12e+01,
486,-3.20e-02,3.12e+01,
487,-3.20e-02,3.20e+01,
488,-3.20e-02,3.12e+01,
489,-3.20e-02,3.20e+01,
490,-3.20e-02,3.12e+01,
491,-3.20e-02,3.12e+01,
492,-3.20e-02,3.12e+01,
493,-2.40e-02,3.12e+01,
494,-3.20e-02,3.12e+01,
495,-3.20e-02,3.12e+01,
496,-3.20e-02,3.12e+01,
497,-2.40e-02,3.12e+01,
498,-3.20e-02,3.12e+01,
499,-3.20e-02,3.12e+01,
500,-3.20e-02,3.12e+01,
501,-3.20e-02,3.12e+01,
502,-3.20e-02,3.12e+01,
503,-3.20e-02,3.12e+01,
504,-3.20e-02,3.12e+01,
505,-2.40e-02,3.12e+01,
506,-3.20e-02,3.12e+01,
507,-3.20e-02,3.12e+01,
508,-3.20e-02,3.12e+01,
509,-2.40e-02,3.12e+01,
510,-3.20e-02,3.12e+01,
511,-3.20e-02,3.12e+01,
512,-3.20e-02,3.12e+01,
513,-3.20e-02,3.12e+01,
514,-3.20e-02,3.20e+01,
515,-3.20e-02,3.12e+01,
516,-3.20e-02,3.12e+01,
517,-2.40e-02,3.12e+01,
518,-3.20e-02,3.12e+01,
519,-3.20e-02,3.12e+01,
520,-3.20e-02,3.12e+01,
521,-2.40e-02,3.12e+01,
522,-3.20e-02,3.12e+01,
523,-3.20e-02,3.12e+01,
524,-3.20e-02,3.12e+01,
525,-2.40e-02,3.12e+01,
526,-3.20e-02,3.12e+01,
527,-3.20e-02,3.12e+01,
528,-3.20e-02,3.12e+01,
529,-2.40e-02,3.12e+01,
530,-3.20e-02,3.12e+01,
531,-3.20e-02,3.12e+01,
532,-3.20e-02,3.12e+01,
533,-3.20e-02,3.12e+01,
534,-3.20e-02,3.12e+01,
535,-2.40e-02,3.12e+01,
536,-3.20e-02,3.12e+01,
537,-2.40e-02,3.12e+01,
538,-3.20e-02,3.12e+01,
539,-3.20e-02,3.12e+01,
540,-3.20e-02,3.12e+01,
541,-2.40e-02,3.12e+01,
542,-3.20e-02,3.12e+01,
543,-3.20e-02,3.12e+01,
544,-3.20e-02,3.12e+01,
545,-3.20e-02,3.12e+01,
546,-3.20e-02,3.12e+01,
547,-3.20e-02,3.12e+01,
548,-3.20e-02,3.12e+01,
549,-2.40e-02,3.12e+01,
550,-3.20e-02,3.12e+01,
551,-3.20e-02,3.12e+01,
552,-3.20e-02,3.12e+01,
553,-3.20e-02,3.12e+01,
554,-3.20e-02,3.12e+01,
555,-3.20e-02,3.12e+01,
556,-3.20e-02,3.12e+01,
557,-2.40e-02,3.12e+01,
558,-3.20e-02,3.12e+01,
559,-3.20e-02,3.12e+01,
560,-3.20e-02,3.12e+01,
561,-2.40e-02,3.12e+01,
562,-3.20e-02,3.12e+01,
563,-3.20e-02,3.12e+01,
564,-3.20e-02,3.12e+01,
565,-3.20e-02,3.12e+01,
566,-3.20e-02,3.12e+01,
567,-3.20e-02,3.12e+01,
568,-3.20e-02,3.12e+01,
569,-2.40e-02,3.12e+01,
570,-3.20e-02,3.12e+01,
571,-3.20e-02,3.12e+01,
572,-3.20e-02,3.12e+01,
573,-3.20e-02,3.12e+01,
574,-3.20e-02,3.12e+01,
575,-3.20e-02,3.12e+01,
576,-3.20e-02,3.12e+01,
577,-2.40e-02,3.12e+01,
578,-3.20e-02,3.12e+01,
579,-3.20e-02,3.12e+01,
580,-3.20e-02,3.12e+01,
581,-3.20e-02,3.12e+01,
582,-3.20e-02,3.12e+01,
583,-3.20e-02,3.12e+01,
584,-3.20e-02,3.12e+01,
585,-2.40e-02,3.12e+01,
586,-3.20e-02,3.12e+01,
587,-3.20e-02,3.12e+01,
588,-3.20e-02,3.12e+01,
589,-2.40e-02,3.12e+01,
590,-3.20e-02,3.12e+01,
591,-3.20e-02,3.12e+01,
592,-3.20e-02,3.12e+01,
593,-2.40e-02,3.12e+01,
594,-3.20e-02,3.12e+01,
595,-3.20e-02,3.12e+01,
596,-3.20e-02,3.12e+01,
597,-2.40e-02,3.12e+01,
598,-3.20e-02,3.12e+01,
599,-3.20e-02,3.12e+01,
600,-3.20e-02,3.12e+01,
601,-2.40e-02,3.12e+01,
602,-3.20e-02,3.12e+01,
603,-3.20e-02,3.12e+01,
604,-3.20e-02,3.12e+01,
605,-2.40e-02,3.12e+01,
606,-3.20e-02,3.12e+01,
607,-3.20e-02,3.12e+01,
608,-3.20e-02,3.12e+01,
609,-2.40e-02,3.12e+01,
610,-3.20e-02,3.12e+01,
611,-3.20e-02,3.12e+01,
612,-3.20e-02,3.12e+01,
613,-2.40e-02,3.12e+01,
614,-3.20e-02,3.12e+01,
615,-3.20e-02,3.12e+01,
616,-3.20e-02,3.12e+01,
617,-2.40e-02,3.12e+01,
618,-3.20e-02,3.12e+01,
619,-3.20e-02,3.12e+01,
620,-3.20e-02,3.12e+01,
621,-3.20e-02,3.12e+01,
622,-3.20e-02,3.12e+01,
623,-3.20e-02,3.12e+01,
624,-3.20e-02,3.12e+01,
625,-2.40e-02,3.12e+01,
626,-3.20e-02,3.12e+01,
627,-3.20e-02,3.12e+01,
628,-3.20e-02,3.12e+01,
629,-3.20e-02,3.12e+01,
630,-3.20e-02,3.12e+01,
631,-3.20e-02,3.12e+01,
632,-3.20e-02,3.12e+01,
633,-2.40e-02,3.12e+01,
634,-3.20e-02,3.12e+01,
635,-3.20e-02,3.12e+01,
636,-3.20e-02,3.12e+01,
637,-3.20e-02,3.12e+01,
638,-3.20e-02,3.12e+01,
639,-3.20e-02,3.12e+01,
640,-3.20e-02,3.12e+01,
641,-2.40e-02,3.12e+01,
642,-3.20e-02,3.12e+01,
643,-3.20e-02,3.12e+01,
644,-3.20e-02,3.12e+01,
645,-3.20e-02,3.12e+01,
646,-3.20e-02,3.12e+01,
647,-3.20e-02,3.12e+01,
648,-3.20e-02,3.12e+01,
649,-3.20e-02,3.12e+01,
650,-3.20e-02,3.12e+01,
651,-3.20e-02,3.12e+01,
652,-3.20e-02,3.12e+01,
653,-3.20e-02,3.12e+01,
654,-3.20e-02,3.12e+01,
655,-3.20e-02,3.12e+01,
656,-3.20e-02,3.12e+01,
657,-2.40e-02,3.12e+01,
658,-3.20e-02,3.12e+01,
659,-3.20e-02,3.12e+01,
660,-3.20e-02,3.12e+01,
661,-2.40e-02,3.12e+01,
662,-2.40e-02,3.12e+01,
663,-3.20e-02,3.12e+01,
664,-3.20e-02,3.12e+01,
665,-2.40e-02,3.12e+01,
666,-3.20e-02,3.12e+01,
667,-3.20e-02,3.12e+01,
668,-3.20e-02,3.12e+01,
669,-3.20e-02,3.12e+01,
670,-3.20e-02,3.12e+01,
671,-3.20e-02,3.12e+01,
672,-3.20e-02,3.12e+01,
673,-2.40e-02,3.12e+01,
674,-3.20e-02,3.12e+01,
675,-3.20e-02,3.12e+01,
676,-3.20e-02,3.12e+01,
677,-2.40e-02,3.12e+01,
678,-3.20e-02,3.12e+01,
679,-3.20e-02,3.12e+01,
680,-3.20e-02,3.12e+01,
681,-2.40e-02,3.12e+01,
682,-3.20e-02,3.12e+01,
683,-3.20e-02,3.12e+01,
684,-3.20e-02,3.12e+01,
685,-2.40e-02,3.12e+01,
686,-3.20e-02,3.12e+01,
687,-2.40e-02,3.12e+01,
688,-3.20e-02,3.12e+01,
689,-3.20e-02,3.12e+01,
690,-3.20e-02,3.12e+01,
691,-3.20e-02,3.12e+01,
692,-3.20e-02,3.12e+01,
693,-2.40e-02,3.12e+01,
694,-3.20e-02,3.12e+01,
695,-2.40e-02,3.12e+01,
696,-3.20e-02,3.12e+01,
697,-3.20e-02,3.12e+01,
698,-3.20e-02,3.12e+01,
699,-3.20e-02,3.12e+01,
700,-3.20e-02,3.12e+01,
701,-2.40e-02,3.12e+01,
702,-3.20e-02,3.12e+01,
703,-3.20e-02,3.12e+01,
704,-3.20e-02,3.12e+01,
705,-2.40e-02,3.12e+01,
706,-3.20e-02,3.12e+01,
707,-3.20e-02,3.12e+01,
708,-3.20e-02,3.12e+01,
709,-2.40e-02,3.12e+01,
710,-3.20e-02,3.12e+01,
711,-3.20e-02,3.12e+01,
712,-3.20e-02,3.12e+01,
713,-2.40e-02,3.12e+01,
714,-3.20e-02,3.12e+01,
715,-3.20e-02,3.12e+01,
716,-3.20e-02,3.12e+01,
717,-2.40e-02,3.12e+01,
718,-3.20e-02,3.12e+01,
719,-3.20e-02,3.12e+01,
720,-3.20e-02,3.12e+01,
721,-3.20e-02,3.12e+01,
722,-3.20e-02,3.12e+01,
723,-3.20e-02,3.12e+01,
724,-3.20e-02,3.12e+01,
725,-3.20e-02,3.12e+01,
726,-3.20e-02,3.12e+01,
727,-3.20e-02,3.12e+01,
728,-3.20e-02,3.12e+01,
729,-2.40e-02,3.12e+01,
730,-3.20e-02,3.12e+01,
731,-3.20e-02,3.12e+01,
732,-3.20e-02,3.12e+01,
733,-2.40e-02,3.12e+01,
734,-3.20e-02,3.12e+01,
735,-3.20e-02,3.12e+01,
736,-3.20e-02,3.12e+01,
737,-3.20e-02,3.12e+01,
738,-3.20e-02,3.12e+01,
739,-3.20e-02,3.12e+01,
740,-3.20e-02,3.12e+01,
741,-2.40e-02,3.12e+01,
742,-3.20e-02,3.12e+01,
743,-3.20e-02,3.12e+01,
744,-3.20e-02,3.12e+01,
745,-2.40e-02,3.12e+01,
746,-3.20e-02,3.12e+01,
747,-3.20e-02,3.12e+01,
748,-3.20e-02,3.12e+01,
749,-2.40e-02,3.12e+01,
750,-3.20e-02,3.12e+01,
751,-3.20e-02,3.12e+01,
752,-3.20e-02,3.12e+01,
753,-2.40e-02,3.12e+01,
754,-3.20e-02,3.12e+01,
755,-3.20e-02,3.12e+01,
756,-3.20e-02,3.12e+01,
757,-2.40e-02,3.12e+01,
758,-3.20e-02,3.12e+01,
759,-3.20e-02,3.12e+01,
760,-3.20e-02,3.12e+01,
761,-2.40e-02,3.12e+01,
762,-3.20e-02,3.12e+01,
763,-3.20e-02,3.12e+01,
764,-3.20e-02,3.12e+01,
765,-2.40e-02,3.12e+01,
766,-3.20e-02,3.12e+01,
767,-3.20e-02,3.12e+01,
768,-3.20e-02,3.12e+01,
769,-2.40e-02,3.12e+01,
770,-3.20e-02,3.12e+01,
771,-3.20e-02,3.12e+01,
772,-3.20e-02,3.12e+01,
773,-2.40e-02,3.12e+01,
774,-3.20e-02,3.12e+01,
775,-3.20e-02,3.12e+01,
776,-3.20e-02,3.12e+01,
777,-2.40e-02,3.12e+01,
778,-3.20e-02,3.12e+01,
779,-3.20e-02,3.12e+01,
780,-3.20e-02,3.12e+01,
781,-2.40e-02,3.12e+01,
782,-3.20e-02,3.12e+01,
783,-3.20e-02,3.12e+01,
784,-3.20e-02,3.12e+01,
785,-2.40e-02,3.12e+01,
786,-3.20e-02,3.12e+01,
787,-3.20e-02,3.12e+01,
788,-3.20e-02,3.12e+01,
789,-2.40e-02,3.12e+01,
790,-3.20e-02,3.12e+01,
791,-3.20e-02,3.12e+01,
792,-3.20e-02,3.12e+01,
793,-2.40e-02,3.12e+01,
794,-3.20e-02,3.12e+01,
795,-3.20e-02,3.12e+01,
796,-3.20e-02,3.12e+01,
797,-2.40e-02,3.12e+01,
798,-3.20e-02,3.12e+01,
799,-3.20e-02,3.12e+01,
800,-3.20e-02,3.12e+01,
801,-2.40e-02,3.12e+01,
802,-2.40e-02,3.12e+01,
803,-3.20e-02,3.12e+01,
804,-3.20e-02,3.12e+01,
805,-2.40e-02,3.12e+01,
806,-3.20e-02,3.12e+01,
807,-3.20e-02,3.12e+01,
808,-3.20e-02,3.12e+01,
809,-2.40e-02,3.12e+01,
810,-3.20e-02,3.12e+01,
811,-3.20e-02,3.12e+01,
812,-2.40e-02,3.12e+01,
813,-3.20e-02,3.12e+01,
814,-3.20e-02,3.12e+01,
815,-3.20e-02,3.12e+01,
816,-3.20e-02,3.12e+01,
817,-3.20e-02,3.12e+01,
818,-3.20e-02,3.12e+01,
819,-3.20e-02,3.12e+01,
820,-3.20e-02,3.12e+01,
821,-2.40e-02,3.12e+01,
822,-3.20e-02,3.12e+01,
823,-3.20e-02,3.12e+01,
824,-3.20e-02,3.12e+01,
825,-3.20e-02,3.12e+01,
826,-3.20e-02,3.12e+01,
827,-3.20e-02,3.12e+01,
828,-3.20e-02,3.12e+01,
829,-2.40e-02,3.12e+01,
830,-3.20e-02,3.12e+01,
831,-3.20e-02,3.12e+01,
832,-3.20e-02,3.12e+01,
833,-2.40e-02,3.12e+01,
834,-3.20e-02,3.12e+01,
835,-3.20e-02,3.12e+01,
836,-3.20e-02,3.12e+01,
837,-2.40e-02,3.12e+01,
838,-3.20e-02,3.12e+01,
839,-3.20e-02,3.12e+01,
840,-3.20e-02,3.12e+01,
841,-2.40e-02,3.12e+01,
842,-3.20e-02,3.12e+01,
843,-3.20e-02,3.12e+01,
844,-3.20e-02,3.12e+01,
845,-2.40e-02,3.12e+01,
846,-3.20e-02,3.12e+01,
847,-3.20e-02,3.12e+01,
848,-3.20e-02,3.12e+01,
849,-3.20e-02,3.12e+01,
850,-3.20e-02,3.12e+01,
851,-3.20e-02,3.12e+01,
852,-3.20e-02,3.12e+01,
853,-3.20e-02,3.12e+01,
854,-3.20e-02,3.12e+01,
855,-3.20e-02,3.12e+01,
856,-3.20e-02,3.12e+01,
857,-3.20e-02,3.12e+01,
858,-3.20e-02,3.12e+01,
859,-3.20e-02,3.04e+01,
860,-3.20e-02,3.04e+01,
861,-3.20e-02,3.04e+01,
862,-3.20e-02,3.04e+01,
863,-3.20e-02,3.04e+01,
864,-3.20e-02,3.04e+01,
865,-3.20e-02,3.04e+01,
866,-3.20e-02,3.04e+01,
867,-3.20e-02,3.04e+01,
868,-3.20e-02,3.04e+01,
869,-3.20e-02,3.04e+01,
870,-3.20e-02,2.96e+01,
871,-3.20e-02,2.96e+01,
872,-3.20e-02,2.96e+01,
873,-3.20e-02,2.96e+01,
874,-3.20e-02,2.96e+01,
875,-3.20e-02,2.96e+01,
876,-3.20e-02,2.96e+01,
877,-3.20e-02,2.96e+01,
878,-3.20e-02,2.96e+01,
879,-3.20e-02,2.88e+01,
880,-3.20e-02,2.88e+01,
881,-3.20e-02,2.88e+01,
882,-3.20e-02,2.88e+01,
883,-3.20e-02,2.88e+01,
884,-3.20e-02,2.88e+01,
885,-3.20e-02,2.88e+01,
886,-3.20e-02,2.80e+01,
887,-3.20e-02,2.88e+01,
888,-3.20e-02,2.80e+01,
889,-3.20e-02,2.80e+01,
890,-3.20e-02,2.80e+01,
891,-3.20e-02,2.80e+01,
892,-3.20e-02,2.80e+01,
893,-3.20e-02,2.72e+01,
894,-3.20e-02,2.72e+01,
895,-3.20e-02,2.72e+01,
896,-3.20e-02,2.72e+01,
897,-3.20e-02,2.72e+01,
898,-3.20e-02,2.72e+01,
899,-3.20e-02,2.56e+01,
900,-3.20e-02,2.56e+01,
901,-3.20e-02,2.56e+01,
902,-3.20e-02,2.56e+01,
903,-3.20e-02,2.48e+01,
904,-3.20e-02,2.48e+01,
905,-3.20e-02,2.48e+01,
906,-3.20e-02,2.48e+01,
907,-3.20e-02,2.48e+01,
908,-3.20e-02,2.40e+01,
909,-3.20e-02,2.40e+01,
910,-3.20e-02,2.40e+01,
911,-3.20e-02,2.40e+01,
912,-3.20e-02,2.40e+01,
913,-3.20e-02,2.40e+01,
914,-3.20e-02,2.32e+01,
915,-3.20e-02,2.32e+01,
916,-3.20e-02,2.32e+01,
917,-3.20e-02,2.32e+01,
918,-3.20e-02,2.24e+01,
919,-3.20e-02,2.24e+01,
920,-3.20e-02,2.24e+01,
921,-3.20e-02,2.24e+01,
922,-3.20e-02,2.24e+01,
923,-3.20e-02,2.24e+01,
924,-3.20e-02,2.16e+01,
925,-3.20e-02,2.16e+01,
926,-3.20e-02,2.16e+01,
927,-3.20e-02,2.16e+01,
928,-3.20e-02,2.08e+01,
929,-3.20e-02,2.08e+01,
930,-3.20e-02,2.08e+01,
931,-3.20e-02,2.08e+01,
932,-3.20e-02,2.08e+01,
933,-3.20e-02,2.00e+01,
934,-3.20e-02,2.00e+01,
935,-3.20e-02,2.00e+01,
936,-3.20e-02,2.00e+01,
937,-3.20e-02,2.00e+01,
938,-3.20e-02,1.92e+01,
939,-3.20e-02,1.92e+01,
940,-3.20e-02,1.92e+01,
941,-3.20e-02,1.92e+01,
942,-3.20e-02,1.92e+01,
943,-3.20e-02,1.84e+01,
944,-3.20e-02,1.84e+01,
945,-3.20e-02,1.84e+01,
946,-3.20e-02,1.84e+01,
947,-3.20e-02,1.68e+01,
948,-3.20e-02,1.68e+01,
949,-3.20e-02,1.68e+01,
950,-3.20e-02,1.68e+01,
951,-3.20e-02,1.68e+01,
952,-3.20e-02,1.68e+01,
953,-3.20e-02,1.68e+01,
954,-3.20e-02,1.60e+01,
955,-3.20e-02,1.60e+01,
956,-3.20e-02,1.60e+01,
957,-3.20e-02,1.60e+01,
958,-3.20e-02,1.60e+01,
959,-3.20e-02,1.52e+01,
960,-3.20e-02,1.52e+01,
961,-3.20e-02,1.52e+01,
962,-3.20e-02,1.52e+01,
963,-3.20e-02,1.52e+01,
964,-3.20e-02,1.44e+01,
965,-3.20e-02,1.44e+01,
966,-3.20e-02,1.44e+01,
967,-3.20e-02,1.44e+01,
968,-3.20e-02,1.44e+01,
969,-3.20e-02,1.44e+01,
970,-3.20e-02,1.44e+01,
971,-3.20e-02,1.36e+01,
972,-3.20e-02,1.36e+01,
973,-3.20e-02,1.36e+01,
974,-3.20e-02,1.36e+01,
975,-3.20e-02,1.36e+01,
976,-3.20e-02,1.36e+01,
977,-3.20e-02,1.28e+01,
978,-3.20e-02,1.28e+01,
979,-3.20e-02,1.28e+01,
980,-3.20e-02,1.28e+01,
981,-3.20e-02,1.28e+01,
982,-3.20e-02,1.20e+01,
983,-3.20e-02,1.28e+01,
984,-3.20e-02,1.20e+01,
985,-3.20e-02,1.20e+01,
986,-3.20e-02,1.20e+01,
987,-3.20e-02,1.20e+01,
988,-3.20e-02,1.20e+01,
989,-2.40e-02,1.20e+01,
990,-3.20e-02,1.20e+01,
991,-3.20e-02,1.12e+01,
992,-3.20e-02,1.12e+01,
993,-3.20e-02,1.12e+01,
994,-3.20e-02,1.12e+01,
995,-3.20e-02,1.12e+01,
996,-3.20e-02,1.12e+01,
997,-3.20e-02,1.12e+01,
998,-3.20e-02,1.12e+01,
999,-3.20e-02,1.12e+01,
1000,-3.20e-02,1.04e+01,
1001,-3.20e-02,1.04e+01,
1002,-3.20e-02,1.04e+01,
1003,-3.20e-02,1.04e+01,
1004,-3.20e-02,1.04e+01,
1005,-3.20e-02,1.04e+01,
1006,-3.20e-02,1.04e+01,
1007,-3.20e-02,1.04e+01,
1008,-3.20e-02,1.04e+01,
1009,-3.20e-02,1.04e+01,
1010,-3.20e-02,9.60e+00,
1011,-3.20e-02,9.60e+00,
1012,-3.20e-02,9.60e+00,
1013,-2.40e-02,9.60e+00,
1014,-3.20e-02,9.60e+00,
1015,-3.20e-02,9.60e+00,
1016,-3.20e-02,9.60e+00,
1017,-3.20e-02,9.60e+00,
1018,-3.20e-02,9.60e+00,
1019,-3.20e-02,9.60e+00,
1020,-3.20e-02,9.60e+00,
1021,-2.40e-02,9.60e+00,
1022,-3.20e-02,8.80e+00,
1023,-3.20e-02,8.80e+00,
1024,-3.20e-02,8.80e+00,
1025,-3.20e-02,8.80e+00,
1026,-3.20e-02,8.80e+00,
1027,-3.20e-02,8.80e+00,
1028,-3.20e-02,8.80e+00,
1029,-2.40e-02,8.80e+00,
1030,-3.20e-02,8.80e+00,
1031,-3.20e-02,8.80e+00,
1032,-3.20e-02,8.80e+00,
1033,-2.40e-02,8.80e+00,
1034,-3.20e-02,8.80e+00,
1035,-3.20e-02,8.80e+00,
1036,-2.40e-02,8.80e+00,
1037,-2.40e-02,8.80e+00,
1038,-3.20e-02,8.80e+00,
1039,-3.20e-02,7.20e+00,
1040,-3.20e-02,7.20e+00,
1041,-2.40e-02,8.80e+00,
1042,-3.20e-02,7.20e+00,
1043,-3.20e-02,7.20e+00,
1044,-3.20e-02,7.20e+00,
1045,-2.40e-02,7.20e+00,
1046,-3.20e-02,7.20e+00,
1047,-2.40e-02,7.20e+00,
1048,-3.20e-02,7.20e+00,
1049,-2.40e-02,7.20e+00,
1050,-3.20e-02,7.20e+00,
1051,-2.40e-02,7.20e+00,
1052,-2.40e-02,7.20e+00,
1053,-2.40e-02,7.20e+00,
1054,-2.40e-02,7.20e+00,
1055,-2.40e-02,7.20e+00,
1056,-2.40e-02,7.20e+00,
1057,-2.40e-02,7.20e+00,
1058,-2.40e-02,7.20e+00,
1059,-2.40e-02,7.20e+00,
1060,-2.40e-02,7.20e+00,
1061,-2.40e-02,7.20e+00,
1062,-2.40e-02,7.20e+00,
1063,-2.40e-02,7.20e+00,
1064,-2.40e-02,7.20e+00,
1065,-2.40e-02,7.20e+00,
1066,-2.40e-02,7.20e+00,
1067,-2.40e-02,7.20e+00,
1068,-2.40e-02,7.20e+00,
1069,-2.40e-02,7.20e+00,
1070,-2.40e-02,7.20e+00,
1071,-2.40e-02,7.20e+00,
1072,-2.40e-02,7.20e+00,
1073,-2.40e-02,7.20e+00,
1074,-2.40e-02,7.20e+00,
1075,-2.40e-02,7.20e+00,
1076,-2.40e-02,7.20e+00,
1077,-2.40e-02,7.20e+00,
1078,-2.40e-02,7.20e+00,
1079,-2.40e-02,7.20e+00,
1080,-2.40e-02,7.20e+00,
1081,-2.40e-02,7.20e+00,
1082,-2.40e-02,7.20e+00,
1083,-2.40e-02,7.20e+00,
1084,-2.40e-02,7.20e+00,
1085,-2.40e-02,7.20e+00,
1086,-2.40e-02,7.20e+00,
1087,-2.40e-02,8.80e+00,
1088,-2.40e-02,7.20e+00,
1089,-2.40e-02,7.20e+00,
1090,-2.40e-02,7.20e+00,
1091,-2.40e-02,7.20e+00,
1092,-2.40e-02,7.20e+00,
1093,-2.40e-02,7.20e+00,
1094,-2.40e-02,7.20e+00,
1095,-2.40e-02,7.20e+00,
1096,-2.40e-02,7.20e+00,
1097,-2.40e-02,7.20e+00,
1098,-2.40e-02,7.20e+00,
1099,-2.40e-02,7.20e+00,
1100,-2.40e-02,8.80e+00,
1101,-2.40e-02,8.80e+00,
1102,-2.40e-02,8.80e+00,
1103,-2.40e-02,8.80e+00,
1104,-2.40e-02,8.80e+00,
1105,-2.40e-02,8.80e+00,
1106,-2.40e-02,8.80e+00,
1107,-2.40e-02,8.80e+00,
1108,-2.40e-02,8.80e+00,
1109,-2.40e-02,8.80e+00,
1110,-2.40e-02,8.80e+00,
1111,-2.40e-02,8.80e+00,
1112,-2.40e-02,8.80e+00,
1113,-2.40e-02,8.80e+00,
1114,-2.40e-02,8.80e+00,
1115,-2.40e-02,8.80e+00,
1116,-2.40e-02,9.60e+00,
1117,-2.40e-02,8.80e+00,
1118,-2.40e-02,9.60e+00,
1119,-2.40e-02,9.60e+00,
1120,-2.40e-02,9.60e+00,
1121,-2.40e-02,9.60e+00,
1122,-2.40e-02,9.60e+00,
1123,-2.40e-02,9.60e+00,
1124,-2.40e-02,9.60e+00,
1125,-2.40e-02,9.60e+00,
1126,-2.40e-02,9.60e+00,
1127,-2.40e-02,9.60e+00,
1128,-2.40e-02,1.04e+01,
1129,-2.40e-02,1.04e+01,
1130,-2.40e-02,1.04e+01,
1131,-2.40e-02,1.04e+01,
1132,-2.40e-02,1.04e+01,
1133,-2.40e-02,1.04e+01,
1134,-2.40e-02,1.04e+01,
1135,-2.40e-02,1.04e+01,
1136,-2.40e-02,1.04e+01,
1137,-2.40e-02,1.04e+01,
1138,-2.40e-02,1.04e+01,
1139,-2.40e-02,1.12e+01,
1140,-2.40e-02,1.12e+01,
1141,-2.40e-02,1.12e+01,
1142,-2.40e-02,1.12e+01,
1143,-2.40e-02,1.12e+01,
1144,-2.40e-02,1.12e+01,
1145,-2.40e-02,1.12e+01,
1146,-2.40e-02,1.12e+01,
1147,-2.40e-02,1.12e+01,
1148,-2.40e-02,1.20e+01,
1149,-2.40e-02,1.20e+01,
1150,-2.40e-02,1.20e+01,
1151,-2.40e-02,1.20e+01,
1152,-2.40e-02,1.20e+01,
1153,-2.40e-02,1.20e+01,
1154,-2.40e-02,1.20e+01,
1155,-2.40e-02,1.20e+01,
1156,-2.40e-02,1.28e+01,
1157,-2.40e-02,1.28e+01,
1158,-2.40e-02,1.28e+01,
1159,-2.40e-02,1.28e+01,
1160,-2.40e-02,1.28e+01,
1161,-2.40e-02,1.28e+01,
1162,-2.40e-02,1.28e+01,
1163,-2.40e-02,1.28e+01,
1164,-2.40e-02,1.36e+01,
1165,-2.40e-02,1.36e+01,
1166,-2.40e-02,1.36e+01,
1167,-2.40e-02,1.36e+01,
1168,-2.40e-02,1.36e+01,
1169,-1.60e-02,1.44e+01,
1170,-2.40e-02,1.44e+01,
1171,-2.40e-02,1.44e+01,
1172,-2.40e-02,1.44e+01,
1173,-2.40e-02,1.44e+01,
1174,-2.40e-02,1.44e+01,
1175,-2.40e-02,1.44e+01,
1176,-2.40e-02,1.52e+01,
1177,-2.40e-02,1.52e+01,
1178,-2.40e-02,1.52e+01,
1179,-2.40e-02,1.52e+01,
1180,-2.40e-02,1.52e+01,
1181,-2.40e-02,1.52e+01,
1182,-2.40e-02,1.60e+01,
1183,-2.40e-02,1.60e+01,
1184,-2.40e-02,1.60e+01,
1185,-2.40e-02,1.60e+01,
1186,-2.40e-02,1.60e+01,
1187,-2.40e-02,1.60e+01,
1188,-2.40e-02,1.68e+01,
1189,-2.40e-02,1.68e+01,
1190,-2.40e-02,1.68e+01,
1191,-2.40e-02,1.68e+01,
1192,-2.40e-02,1.68e+01,
1193,-2.40e-02,1.84e+01,
1194,-2.40e-02,1.84e+01,
1195,-2.40e-02,1.84e+01,
1196,-2.40e-02,1.84e+01,
1197,-2.40e-02,1.84e+01,
1198,-2.40e-02,1.92e+01,
1199,-2.40e-02,1.92e+01,
1200,-2.40e-02,1.92e+01,
1201,-2.40e-02,1.92e+01,
1202,-2.40e-02,1.92e+01,
1203,-2.40e-02,1.92e+01,
1204,-2.40e-02,2.00e+01,
1205,-2.40e-02,2.00e+01,
1206,-2.40e-02,2.00e+01,
1207,-2.40e-02,2.00e+01,
1208,-2.40e-02,2.00e+01,
1209,-2.40e-02,2.08e+01,
1210,-2.40e-02,2.08e+01,
1211,-2.40e-02,2.08e+01,
1212,-2.40e-02,2.08e+01,
1213,-2.40e-02,2.08e+01,
1214,-2.40e-02,2.16e+01,
1215,-2.40e-02,2.16e+01,
1216,-2.40e-02,2.16e+01,
1217,-2.40e-02,2.16e+01,
1218,-2.40e-02,2.16e+01,
1219,-2.40e-02,2.24e+01,
1220,-2.40e-02,2.24e+01,
1221,-2.40e-02,2.24e+01,
1222,-2.40e-02,2.24e+01,
1223,-2.40e-02,2.24e+01,
1224,-2.40e-02,2.32e+01,
1225,-2.40e-02,2.32e+01,
1226,-2.40e-02,2.32e+01,
1227,-2.40e-02,2.32e+01,
1228,-2.40e-02,2.32e+01,
1229,-2.40e-02,2.32e+01,
1230,-2.40e-02,2.40e+01,
1231,-2.40e-02,2.40e+01,
1232,-2.40e-02,2.40e+01,
1233,-2.40e-02,2.40e+01,
1234,-2.40e-02,2.48e+01,
1235,-2.40e-02,2.48e+01,
1236,-2.40e-02,2.48e+01,
1237,-2.40e-02,2.48e+01,
1238,-2.40e-02,2.48e+01,
1239,-2.40e-02,2.48e+01,
1240,-2.40e-02,2.48e+01,
1241,-2.40e-02,2.56e+01,
1242,-2.40e-02,2.56e+01,
1243,-2.40e-02,2.56e+01,
1244,-2.40e-02,2.56e+01,
1245,-2.40e-02,2.56e+01,
1246,-2.40e-02,2.56e+01,
1247,-2.40e-02,2.72e+01,
1248,-2.40e-02,2.72e+01,
1249,-2.40e-02,2.72e+01,
1250,-2.40e-02,2.72e+01,
1251,-2.40e-02,2.72e+01,
1252,-2.40e-02,2.72e+01,
1253,-2.40e-02,2.72e+01,
1254,-2.40e-02,2.80e+01,
1255,-2.40e-02,2.80e+01,
1256,-2.40e-02,2.80e+01,
1257,-2.40e-02,2.80e+01,
1258,-2.40e-02,2.80e+01,
1259,-2.40e-02,2.80e+01,
1260,-2.40e-02,2.80e+01,
1261,-2.40e-02,2.80e+01,
1262,-2.40e-02,2.88e+01,
1263,-2.40e-02,2.88e+01,
1264,-2.40e-02,2.88e+01,
1265,-2.40e-02,2.88e+01,
1266,-2.40e-02,2.88e+01,
1267,-2.40e-02,2.88e+01,
1268,-2.40e-02,2.88e+01,
1269,-2.40e-02,2.88e+01,
1270,-2.40e-02,2.88e+01,
1271,-2.40e-02,2.96e+01,
1272,-2.40e-02,2.96e+01,
1273,-2.40e-02,2.96e+01,
1274,-2.40e-02,2.96e+01,
1275,-2.40e-02,2.96e+01,
1276,-2.40e-02,2.96e+01,
1277,-2.40e-02,2.96e+01,
1278,-2.40e-02,2.96e+01,
1279,-2.40e-02,2.96e+01,
1280,-2.40e-02,2.96e+01,
1281,-2.40e-02,2.96e+01,
1282,-2.40e-02,3.04e+01,
1283,-2.40e-02,2.96e+01,
1284,-2.40e-02,3.04e+01,
1285,-2.40e-02,3.04e+01,
1286,-2.40e-02,2.96e+01,
1287,-2.40e-02,3.04e+01,
1288,-2.40e-02,3.04e+01,
1289,-2.40e-02,3.04e+01,
1290,-2.40e-02,3.04e+01,
1291,-2.40e-02,3.04e+01,
1292,-2.40e-02,3.04e+01,
1293,-2.40e-02,3.04e+01,
1294,-2.40e-02,3.04e+01,
1295,-2.40e-02,3.04e+01,
1296,-2.40e-02,3.04e+01,
1297,-2.40e-02,3.04e+01,
1298,-2.40e-02,3.04e+01,
1299,-2.40e-02,3.04e+01,
1300,-3.20e-02,3.04e+01,
1301,-2.40e-02,3.04e+01,
1302,-2.40e-02,3.04e+01,
1303,-2.40e-02,3.04e+01,
1304,-2.40e-02,3.04e+01,
1305,-2.40e-02,3.04e+01,
1306,-2.40e-02,3.04e+01,
1307,-3.20e-02,3.04e+01,
1308,-2.40e-02,3.04e+01,
1309,-2.40e-02,3.04e+01,
1310,-2.40e-02,3.04e+01,
1311,-2.40e-02,3.04e+01,
1312,-2.40e-02,3.04e+01,
1313,-2.40e-02,3.04e+01,
1314,-3.20e-02,3.04e+01,
1315,-2.40e-02,2.96e+01,
1316,-2.40e-02,2.96e+01,
1317,-2.40e-02,2.96e+01,
1318,-3.20e-02,2.96e+01,
1319,-2.40e-02,2.96e+01,
1320,-2.40e-02,2.96e+01,
1321,-2.40e-02,2.96e+01,
1322,-3.20e-02,2.96e+01,
1323,-3.20e-02,2.96e+01,
1324,-2.40e-02,2.96e+01,
1325,-2.40e-02,2.96e+01,
1326,-2.40e-02,2.96e+01,
1327,-3.20e-02,2.96e+01,
1328,-3.20e-02,2.96e+01,
1329,-2.40e-02,2.96e+01,
1330,-2.40e-02,2.88e+01,
1331,-3.20e-02,2.88e+01,
1332,-2.40e-02,2.88e+01,
1333,-2.40e-02,2.88e+01,
1334,-3.20e-02,2.88e+01,
1335,-2.40e-02,2.88e+01,
1336,-2.40e-02,2.88e+01,
1337,-2.40e-02,2.88e+01,
1338,-3.20e-02,2.88e+01,
1339,-3.20e-02,2.80e+01,
1340,-2.40e-02,2.80e+01,
1341,-2.40e-02,2.80e+01,
1342,-2.40e-02,2.80e+01,
1343,-2.40e-02,2.80e+01,
1344,-3.20e-02,2.80e+01,
1345,-2.40e-02,2.80e+01,
1346,-2.40e-02,2.80e+01,
1347,-3.20e-02,2.72e+01,
1348,-3.20e-02,2.72e+01,
1349,-3.20e-02,2.72e+01,
1350,-3.20e-02,2.72e+01,
1351,-3.20e-02,2.72e+01,
1352,-3.20e-02,2.72e+01,
1353,-2.40e-02,2.72e+01,
1354,-2.40e-02,2.56e+01,
1355,-3.20e-02,2.56e+01,
1356,-3.20e-02,2.56e+01,
1357,-2.40e-02,2.56e+01,
1358,-3.20e-02,2.56e+01,
1359,-2.40e-02,2.48e+01,
1360,-3.20e-02,2.48e+01,
1361,-2.40e-02,2.48e+01,
1362,-2.40e-02,2.48e+01,
1363,-3.20e-02,2.48e+01,
1364,-3.20e-02,2.48e+01,
1365,-2.40e-02,2.48e+01,
1366,-3.20e-02,2.40e+01,
1367,-2.40e-02,2.40e+01,
1368,-3.20e-02,2.40e+01,
1369,-2.40e-02,2.40e+01,
1370,-3.20e-02,2.40e+01,
1371,-3.20e-02,2.32e+01,
1372,-3.20e-02,2.32e+01,
1373,-3.20e-02,2.32e+01,
1374,-3.20e-02,2.32e+01,
1375,-2.40e-02,2.32e+01,
1376,-3.20e-02,2.32e+01,
1377,-2.40e-02,2.24e+01,
1378,-3.20e-02,2.24e+01,
1379,-3.20e-02,2.24e+01,
1380,-3.20e-02,2.24e+01,
1381,-3.20e-02,2.24e+01,
1382,-3.20e-02,2.16e+01,
1383,-3.20e-02,2.16e+01,
1384,-3.20e-02,2.16e+01,
1385,-2.40e-02,2.16e+01,
1386,-3.20e-02,2.16e+01,
1387,-3.20e-02,2.08e+01,
1388,-3.20e-02,2.08e+01,
1389,-2.40e-02,2.08e+01,
1390,-2.40e-02,2.08e+01,
1391,-3.20e-02,2.08e+01,
1392,-3.20e-02,2.00e+01,
1393,-2.40e-02,2.00e+01,
1394,-3.20e-02,2.00e+01,
1395,-3.20e-02,2.00e+01,
1396,-2.40e-02,2.00e+01,
1397,-2.40e-02,2.00e+01,
1398,-2.40e-02,1.92e+01,
1399,-2.40e-02,1.92e+01,
1400,-3.20e-02,1.92e+01,
1401,-3.20e-02,1.92e+01,
1402,-3.20e-02,1.92e+01,
1403,-3.20e-02,1.84e+01,
1404,-2.40e-02,1.84e+01,
1405,-2.40e-02,1.84e+01,
1406,-2.40e-02,1.84e+01,
1407,-2.40e-02,1.84e+01,
1408,-3.20e-02,1.84e+01,
1409,-2.40e-02,1.68e+01,
1410,-3.20e-02,1.68e+01,
1411,-3.20e-02,1.68e+01,
1412,-2.40e-02,1.68e+01,
1413,-2.40e-02,1.68e+01,
1414,-3.20e-02,1.68e+01,
1415,-2.40e-02,1.60e+01,
1416,-3.20e-02,1.60e+01,
1417,-2.40e-02,1.60e+01,
1418,-3.20e-02,1.60e+01,
1419,-3.20e-02,1.60e+01,
1420,-2.40e-02,1.52e+01,
1421,-2.40e-02,1.52e+01,
1422,-3.20e-02,1.52e+01,
1423,-2.40e-02,1.52e+01,
1424,-3.20e-02,1.52e+01,
1425,-2.40e-02,1.52e+01,
1426,-3.20e-02,1.52e+01,
1427,-3.20e-02,1.44e+01,
1428,-3.20e-02,1.44e+01,
1429,-2.40e-02,1.44e+01,
1430,-3.20e-02,1.44e+01,
1431,-2.40e-02,1.44e+01,
1432,-3.20e-02,1.44e+01,
1433,-2.40e-02,1.44e+01,
1434,-3.20e-02,1.36e+01,
1435,-2.40e-02,1.36e+01,
1436,-2.40e-02,1.36e+01,
1437,-2.40e-02,1.36e+01,
1438,-3.20e-02,1.36e+01,
1439,-2.40e-02,1.36e+01,
1440,-3.20e-02,1.28e+01,
1441,-2.40e-02,1.28e+01,
1442,-2.40e-02,1.28e+01,
1443,-2.40e-02,1.28e+01,
1444,-2.40e-02,1.28e+01,
1445,-2.40e-02,1.28e+01,
1446,-3.20e-02,1.28e+01,
1447,-2.40e-02,1.28e+01,
1448,-2.40e-02,1.20e+01,
1449,-2.40e-02,1.20e+01,
1450,-3.20e-02,1.20e+01,
1451,-3.20e-02,1.20e+01,
1452,-2.40e-02,1.20e+01,
1453,-2.40e-02,1.20e+01,
1454,-3.20e-02,1.20e+01,
1455,-2.40e-02,1.20e+01,
1456,-2.40e-02,1.20e+01,
1457,-2.40e-02,1.12e+01,
1458,-3.20e-02,1.12e+01,
1459,-2.40e-02,1.12e+01,
1460,-2.40e-02,1.12e+01,
1461,-2.40e-02,1.12e+01,
1462,-3.20e-02,1.12e+01,
1463,-2.40e-02,1.12e+01,
1464,-2.40e-02,1.12e+01,
1465,-2.40e-02,1.12e+01,
1466,-2.40e-02,1.12e+01,
1467,-2.40e-02,1.04e+01,
1468,-2.40e-02,1.04e+01,
1469,-2.40e-02,1.04e+01,
1470,-2.40e-02,1.04e+01,
1471,-2.40e-02,1.04e+01,
1472,-2.40e-02,1.04e+01,
1473,-2.40e-02,1.04e+01,
1474,-2.40e-02,1.04e+01,
1475,-2.40e-02,9.60e+00,
1476,-2.40e-02,1.04e+01,
1477,-2.40e-02,1.04e+01,
1478,-2.40e-02,9.60e+00,
1479,-2.40e-02,9.60e+00,
1480,-2.40e-02,9.60e+00,
1481,-2.40e-02,9.60e+00,
1482,-2.40e-02,9.60e+00,
1483,-2.40e-02,9.60e+00,
1484,-2.40e-02,9.60e+00,
1485,-2.40e-02,9.60e+00,
1486,-2.40e-02,8.80e+00,
1487,-2.40e-02,9.60e+00,
1488,-2.40e-02,9.60e+00,
1489,-2.40e-02,9.60e+00,
1490,-2.40e-02,9.60e+00,
1491,-2.40e-02,8.80e+00,
1492,-2.40e-02,9.60e+00,
1493,-2.40e-02,8.80e+00,
1494,-2.40e-02,8.80e+00,
1495,-2.40e-02,8.80e+00,
1496,-2.40e-02,8.80e+00,
1497,-2.40e-02,9.60e+00,
1498,-2.40e-02,8.80e+00,
1499,-2.40e-02,8.80e+00,
1500,-2.40e-02,8.80e+00,
1501,-2.40e-02,8.80e+00,
1502,-2.40e-02,8.80e+00,
1503,-2.40e-02,8.80e+00,
1504,-2.40e-02,8.80e+00,
1505,-2.40e-02,8.80e+00,
1506,-2.40e-02,8.80e+00,
1507,-2.40e-02,8.80e+00,
1508,-2.40e-02,8.80e+00,
1509,-2.40e-02,8.80e+00,
1510,-2.40e-02,8.80e+00,
1511,-2.40e-02,8.80e+00,
1512,-2.40e-02,8.80e+00,
1513,-2.40e-02,8.80e+00,
1514,-2.40e-02,8.80e+00,
1515,-2.40e-02,8.80e+00,
1516,-2.40e-02,8.80e+00,
1517,-2.40e-02,8.80e+00,
1518,-2.40e-02,8.80e+00,
1519,-2.40e-02,8.80e+00,
1520,-2.40e-02,8.80e+00,
1521,-2.40e-02,8.80e+00,
1522,-2.40e-02,8.80e+00,
1523,-2.40e-02,8.80e+00,
1524,-2.40e-02,8.80e+00,
1525,-2.40e-02,8.80e+00,
1526,-2.40e-02,8.80e+00,
1527,-2.40e-02,8.80e+00,
1528,-2.40e-02,8.80e+00,
1529,-2.40e-02,8.80e+00,
1530,-2.40e-02,8.80e+00,
1531,-2.40e-02,8.80e+00,
1532,-2.40e-02,8.80e+00,
1533,-2.40e-02,8.80e+00,
1534,-2.40e-02,8.80e+00,
1535,-2.40e-02,8.80e+00,
1536,-2.40e-02,8.80e+00,
1537,-2.40e-02,8.80e+00,
1538,-2.40e-02,8.80e+00,
1539,-2.40e-02,8.80e+00,
1540,-2.40e-02,8.80e+00,
1541,-2.40e-02,8.80e+00,
1542,-2.40e-02,8.80e+00,
1543,-2.40e-02,8.80e+00,
1544,-2.40e-02,8.80e+00,
1545,-2.40e-02,8.80e+00,
1546,-2.40e-02,8.80e+00,
1547,-2.40e-02,8.80e+00,
1548,-2.40e-02,8.80e+00,
1549,-2.40e-02,8.80e+00,
1550,-2.40e-02,8.80e+00,
1551,-2.40e-02,8.80e+00,
1552,-2.40e-02,8.80e+00,
1553,-2.40e-02,8.80e+00,
1554,-2.40e-02,8.80e+00,
1555,-2.40e-02,8.80e+00,
1556,-2.40e-02,8.80e+00,
1557,-1.60e-02,8.80e+00,
1558,-2.40e-02,8.80e+00,
1559,-2.40e-02,8.80e+00,
1560,-2.40e-02,8.80e+00,
1561,-2.40e-02,8.80e+00,
1562,-2.40e-02,8.80e+00,
1563,-2.40e-02,8.80e+00,
1564,-2.40e-02,8.80e+00,
1565,-2.40e-02,8.80e+00,
1566,-2.40e-02,9.60e+00,
1567,-2.40e-02,9.60e+00,
1568,-2.40e-02,9.60e+00,
1569,-2.40e-02,9.60e+00,
1570,-2.40e-02,9.60e+00,
1571,-2.40e-02,9.60e+00,
1572,-2.40e-02,9.60e+00,
1573,-1.60e-02,9.60e+00,
1574,-2.40e-02,9.60e+00,
1575,-1.60e-02,9.60e+00,
1576,-2.40e-02,9.60e+00,
1577,-1.60e-02,9.60e+00,
1578,-2.40e-02,9.60e+00,
1579,-2.40e-02,9.60e+00,
1580,-2.40e-02,9.60e+00,
1581,-1.60e-02,1.04e+01,
1582,-2.40e-02,9.60e+00,
1583,-2.40e-02,1.04e+01,
1584,-2.40e-02,1.04e+01,
1585,-1.60e-02,1.04e+01,
1586,-2.40e-02,1.04e+01,
1587,-2.40e-02,1.04e+01,
1588,-2.40e-02,1.04e+01,
1589,-2.40e-02,1.04e+01,
1590,-2.40e-02,1.04e+01,
1591,-2.40e-02,1.04e+01,
1592,-2.40e-02,1.04e+01,
1593,-1.60e-02,1.12e+01,
1594,-2.40e-02,1.12e+01,
1595,-2.40e-02,1.12e+01,
1596,-1.60e-02,1.12e+01,
1597,-1.60e-02,1.12e+01,
1598,-2.40e-02,1.12e+01,
1599,-1.60e-02,1.12e+01,
1600,-2.40e-02,1.12e+01,
1601,-1.60e-02,1.12e+01,
1602,-2.40e-02,1.12e+01,
1603,-2.40e-02,1.12e+01,
1604,-2.40e-02,1.12e+01,
1605,-2.40e-02,1.20e+01,
1606,-2.40e-02,1.20e+01,
1607,-1.60e-02,1.20e+01,
1608,-2.40e-02,1.20e+01,
1609,-1.60e-02,1.20e+01,
1610,-2.40e-02,1.20e+01,
1611,-2.40e-02,1.20e+01,
1612,-2.40e-02,1.20e+01,
1613,-1.60e-02,1.28e+01,
1614,-1.60e-02,1.28e+01,
1615,-2.40e-02,1.28e+01,
1616,-2.40e-02,1.28e+01,
1617,-1.60e-02,1.28e+01,
1618,-2.40e-02,1.28e+01,
1619,-2.40e-02,1.28e+01,
1620,-2.40e-02,1.28e+01,
1621,-1.60e-02,1.36e+01,
1622,-2.40e-02,1.36e+01,
1623,-2.40e-02,1.36e+01,
1624,-2.40e-02,1.36e+01,
1625,-1.60e-02,1.36e+01,
1626,-2.40e-02,1.36e+01,
1627,-2.40e-02,1.36e+01,
1628,-2.40e-02,1.44e+01,
1629,-1.60e-02,1.44e+01,
1630,-2.40e-02,1.44e+01,
1631,-1.60e-02,1.44e+01,
1632,-1.60e-02,1.44e+01,
1633,-1.60e-02,1.44e+01,
1634,-2.40e-02,1.52e+01,
1635,-2.40e-02,1.52e+01,
1636,-2.40e-02,1.52e+01,
1637,-1.60e-02,1.52e+01,
1638,-2.40e-02,1.52e+01,
1639,-2.40e-02,1.52e+01,
1640,-2.40e-02,1.52e+01,
1641,-1.60e-02,1.60e+01,
1642,-2.40e-02,1.60e+01,
1643,-2.40e-02,1.60e+01,
1644,-1.60e-02,1.60e+01,
1645,-2.40e-02,1.60e+01,
1646,-2.40e-02,1.60e+01,
1647,-1.60e-02,1.60e+01,
1648,-2.40e-02,1.68e+01,
1649,-1.60e-02,1.68e+01,
1650,-2.40e-02,1.68e+01,
1651,-2.40e-02,1.68e+01,
1652,-1.60e-02,1.68e+01,
1653,-1.60e-02,1.84e+01,
1654,-2.40e-02,1.84e+01,
1655,-1.60e-02,1.84e+01,
1656,-2.40e-02,1.84e+01,
1657,-1.60e-02,1.84e+01,
1658,-2.40e-02,1.84e+01,
1659,-2.40e-02,1.84e+01,
1660,-2.40e-02,1.92e+01,
1661,-1.60e-02,1.92e+01,
1662,-2.40e-02,1.92e+01,
1663,-2.40e-02,1.92e+01,
1664,-2.40e-02,2.00e+01,
1665,-1.60e-02,2.00e+01,
1666,-2.40e-02,2.00e+01,
1667,-2.40e-02,2.00e+01,
1668,-2.40e-02,2.00e+01,
1669,-1.60e-02,2.00e+01,
1670,-2.40e-02,2.08e+01,
1671,-2.40e-02,2.08e+01,
1672,-2.40e-02,2.08e+01,
1673,-1.60e-02,2.08e+01,
1674,-1.60e-02,2.08e+01,
1675,-2.40e-02,2.08e+01,
1676,-2.40e-02,2.16e+01,
1677,-1.60e-02,2.16e+01,
1678,-2.40e-02,2.16e+01,
1679,-1.60e-02,2.16e+01,
1680,-2.40e-02,2.16e+01,
1681,-2.40e-02,2.24e+01,
1682,-2.40e-02,2.24e+01,
1683,-2.40e-02,2.16e+01,
1684,-2.40e-02,2.24e+01,
1685,-1.60e-02,2.24e+01,
1686,-2.40e-02,2.24e+01,
1687,-2.40e-02,2.32e+01,
1688,-2.40e-02,2.24e+01,
1689,-2.40e-02,2.32e+01,
1690,-2.40e-02,2.32e+01,
1691,-2.40e-02,2.32e+01,
1692,-2.40e-02,2.32e+01,
1693,-1.60e-02,2.32e+01,
1694,-2.40e-02,2.40e+01,
1695,-2.40e-02,2.40e+01,
1696,-2.40e-02,2.40e+01,
1697,-1.60e-02,2.40e+01,
1698,-2.40e-02,2.40e+01,
1699,-2.40e-02,2.40e+01,
1700,-2.40e-02,2.48e+01,
1701,-1.60e-02,2.48e+01,
1702,-2.40e-02,2.48e+01,
1703,-2.40e-02,2.48e+01,
1704,-2.40e-02,2.48e+01,
1705,-2.40e-02,2.48e+01,
1706,-2.40e-02,2.56e+01,
1707,-2.40e-02,2.56e+01,
1708,-2.40e-02,2.56e+01,
1709,-1.60e-02,2.56e+01,
1710,-2.40e-02,2.56e+01,
1711,-2.40e-02,2.56e+01,
1712,-2.40e-02,2.56e+01,
1713,-1.60e-02,2.72e+01,
1714,-2.40e-02,2.72e+01,
1715,-2.40e-02,2.72e+01,
1716,-2.40e-02,2.72e+01,
1717,-2.40e-02,2.72e+01,
1718,-2.40e-02,2.72e+01,
1719,-2.40e-02,2.72e+01,
1720,-2.40e-02,2.72e+01,
1721,-2.40e-02,2.80e+01,
1722,-2.40e-02,2.80e+01,
1723,-2.40e-02,2.80e+01,
1724,-2.40e-02,2.80e+01,
1725,-2.40e-02,2.80e+01,
1726,-2.40e-02,2.80e+01,
1727,-2.40e-02,2.80e+01,
1728,-2.40e-02,2.80e+01,
1729,-2.40e-02,2.80e+01,
1730,-2.40e-02,2.80e+01,
1731,-2.40e-02,2.80e+01,
1732,-2.40e-02,2.80e+01,
1733,-2.40e-02,2.88e+01,
1734,-2.40e-02,2.88e+01,
1735,-2.40e-02,2.88e+01,
1736,-2.40e-02,2.88e+01,
1737,-2.40e-02,2.88e+01,
1738,-2.40e-02,2.88e+01,
1739,-2.40e-02,2.88e+01,
1740,-2.40e-02,2.88e+01,
1741,-2.40e-02,2.88e+01,
1742,-2.40e-02,2.88e+01,
1743,-2.40e-02,2.88e+01,
1744,-2.40e-02,2.88e+01,
1745,-2.40e-02,2.88e+01,
1746,-2.40e-02,2.96e+01,
1747,-2.40e-02,2.88e+01,
1748,-2.40e-02,2.88e+01,
1749,-2.40e-02,2.96e+01,
1750,-2.40e-02,2.96e+01,
1751,-2.40e-02,2.96e+01,
1752,-2.40e-02,2.96e+01,
1753,-2.40e-02,2.96e+01,
1754,-2.40e-02,2.96e+01,
1755,-2.40e-02,2.96e+01,
1756,-2.40e-02,2.96e+01,
1757,-2.40e-02,2.96e+01,
1758,-2.40e-02,2.96e+01,
1759,-2.40e-02,2.96e+01,
1760,-2.40e-02,2.96e+01,
1761,-2.40e-02,2.96e+01,
1762,-2.40e-02,2.96e+01,
1763,-2.40e-02,2.96e+01,
1764,-2.40e-02,2.96e+01,
1765,-2.40e-02,2.96e+01,
1766,-2.40e-02,2.96e+01,
1767,-2.40e-02,2.96e+01,
1768,-2.40e-02,2.96e+01,
1769,-2.40e-02,2.96e+01,
1770,-2.40e-02,2.96e+01,
1771,-2.40e-02,2.96e+01,
1772,-2.40e-02,2.88e+01,
1773,-2.40e-02,2.88e+01,
1774,-2.40e-02,2.88e+01,
1775,-2.40e-02,2.88e+01,
1776,-2.40e-02,2.88e+01,
1777,-2.40e-02,2.88e+01,
1778,-2.40e-02,2.88e+01,
1779,-2.40e-02,2.88e+01,
1780,-2.40e-02,2.88e+01,
1781,-2.40e-02,2.88e+01,
1782,-2.40e-02,2.88e+01,
1783,-2.40e-02,2.88e+01,
1784,-2.40e-02,2.88e+01,
1785,-2.40e-02,2.88e+01,
1786,-2.40e-02,2.88e+01,
1787,-2.40e-02,2.88e+01,
1788,-2.40e-02,2.88e+01,
1789,-2.40e-02,2.80e+01,
1790,-2.40e-02,2.80e+01,
1791,-2.40e-02,2.80e+01,
1792,-2.40e-02,2.80e+01,
1793,-2.40e-02,2.80e+01,
1794,-2.40e-02,2.80e+01,
1795,-2.40e-02,2.80e+01,
1796,-2.40e-02,2.80e+01,
1797,-2.40e-02,2.80e+01,
1798,-2.40e-02,2.80e+01,
1799,-2.40e-02,2.72e+01,
1800,-2.40e-02,2.72e+01,
1801,-2.40e-02,2.72e+01,
1802,-2.40e-02,2.72e+01,
1803,-2.40e-02,2.72e+01,
1804,-8.00e-03,2.72e+01,
1805,0.00e+00,2.72e+01,
1806,0.00e+00,2.72e+01,
1807,1.60e-02,2.72e+01,
1808,3.20e-02,2.72e+01,
1809,3.20e-02,2.56e+01,
1810,2.40e-02,2.56e+01,
1811,1.60e-02,2.56e+01,
1812,1.60e-02,2.56e+01,
1813,1.60e-02,2.56e+01,
1814,1.60e-02,2.56e+01,
1815,1.60e-02,2.56e+01,
1816,1.60e-02,2.48e+01,
1817,2.40e-02,2.48e+01,
1818,2.40e-02,2.48e+01,
1819,2.40e-02,2.48e+01,
1820,2.40e-02,2.48e+01,
1821,3.20e-02,2.48e+01,
1822,2.40e-02,2.48e+01,
1823,2.40e-02,2.48e+01,
1824,1.60e-02,2.48e+01,
1825,-8.00e-03,2.40e+01,
1826,-1.60e-02,2.40e+01,
1827,-1.60e-02,2.40e+01,
1828,-1.60e-02,2.40e+01,
1829,-1.60e-02,2.40e+01,
1830,-8.00e-03,2.32e+01,
1831,2.40e-02,2.32e+01,
1832,6.40e-02,2.08e+01,
1833,9.60e-02,1.84e+01,
1834,8.80e-02,1.44e+01,
1835,7.20e-02,1.04e+01,
1836,5.60e-02,8.80e+00,
1837,4.00e-02,6.40e+00,
1838,2.40e-02,4.80e+00,
1839,-8.00e-03,4.00e+00,
1840,-4.80e-02,4.00e+00,
1841,-8.80e-02,3.20e+00,
1842,-1.44e-01,2.40e+00,
1843,-1.68e-01,2.40e+00,
1844,-1.52e-01,2.40e+00,
1845,-1.12e-01,1.60e+00,
1846,-5.60e-02,1.60e+00,
1847,0.00e+00,1.60e+00,
1848,4.80e-02,1.60e+00,
1849,8.80e-02,1.60e+00,
1850,1.04e-01,1.60e+00,
1851,1.12e-01,8.00e-01,
1852,1.04e-01,8.00e-01,
1853,8.80e-02,8.00e-01,
1854,5.60e-02,-1.47e-04,
1855,1.60e-02,-1.47e-04,
1856,-4.00e-02,-1.47e-04,
1857,-8.00e-02,-8.00e-01,
1858,-1.20e-01,-8.00e-01,
1859,-1.36e-01,-8.00e-01,
1860,-1.28e-01,-8.00e-01,
1861,-8.80e-02,-8.00e-01,
1862,-5.60e-02,-8.00e-01,
1863,-8.00e-03,-8.00e-01,
1864,3.20e-02,-1.47e-04,
1865,6.40e-02,-1.47e-04,
1866,8.00e-02,-1.47e-04,
1867,8.80e-02,-1.47e-04,
1868,8.00e-02,-1.47e-04,
1869,6.40e-02,-8.00e-01,
1870,3.20e-02,-8.00e-01,
1871,-8.00e-03,-8.00e-01,
1872,-4.00e-02,-8.00e-01,
1873,-7.20e-02,-8.00e-01,
1874,-9.60e-02,-8.00e-01,
1875,-9.60e-02,-8.00e-01,
1876,-9.60e-02,-8.00e-01,
1877,-6.40e-02,-8.00e-01,
1878,-4.00e-02,-8.00e-01,
1879,-8.00e-03,-8.00e-01,
1880,3.20e-02,-1.47e-04,
1881,5.60e-02,-1.47e-04,
1882,6.40e-02,-1.47e-04,
1883,6.40e-02,-8.00e-01,
1884,5.60e-02,-1.47e-04,
1885,4.80e-02,-1.47e-04,
1886,2.40e-02,-8.00e-01,
1887,-1.60e-02,-1.47e-04,
1888,-4.00e-02,-8.00e-01,
1889,-6.40e-02,-8.00e-01,
1890,-8.00e-02,-8.00e-01,
1891,-8.00e-02,-8.00e-01,
1892,-7.20e-02,-8.00e-01,
1893,-4.80e-02,-8.00e-01,
1894,-2.40e-02,-8.00e-01,
1895,0.00e+00,-8.00e-01,
1896,2.40e-02,-8.00e-01,
1897,4.80e-02,-1.47e-04,
1898,5.60e-02,-8.00e-01,
1899,5.60e-02,-8.00e-01,
1900,4.80e-02,-1.47e-04,
1901,3.20e-02,-8.00e-01,
1902,0.00e+00,-8.00e-01,
1903,-1.60e-02,-8.00e-01,
1904,-4.00e-02,-8.00e-01,
1905,-5.60e-02,-8.00e-01,
1906,-6.40e-02,-8.00e-01,
1907,-6.40e-02,-8.00e-01,
1908,-5.60e-02,-8.00e-01,
1909,-3.20e-02,-8.00e-01,
1910,-1.60e-02,-8.00e-01,
1911,0.00e+00,-8.00e-01,
1912,2.40e-02,-8.00e-01,
1913,4.00e-02,-1.47e-04,
1914,4.00e-02,-1.47e-04,
1915,4.00e-02,-8.00e-01,
1916,3.20e-02,-1.47e-04,
1917,2.40e-02,-8.00e-01,
1918,0.00e+00,-8.00e-01,
1919,-2.40e-02,-8.00e-01,
1920,-4.00e-02,-8.00e-01,
1921,-4.80e-02,-8.00e-01,
1922,-5.60e-02,-8.00e-01,
1923,-4.80e-02,-8.00e-01,
1924,-4.00e-02,-8.00e-01,
1925,-2.40e-02,-8.00e-01,
1926,-1.60e-02,-8.00e-01,
1927,0.00e+00,-8.00e-01,
1928,2.40e-02,-8.00e-01,
1929,3.20e-02,-8.00e-01,
1930,3.20e-02,-8.00e-01,
1931,3.20e-02,-8.00e-01,
1932,2.40e-02,-8.00e-01,
1933,1.60e-02,-8.00e-01,
1934,-8.00e-03,-8.00e-01,
1935,-2.40e-02,-8.00e-01,
1936,-3.20e-02,-8.00e-01,
1937,-4.00e-02,-8.00e-01,
1938,-4.80e-02,-8.00e-01,
1939,-4.00e-02,-8.00e-01,
1940,-3.20e-02,-8.00e-01,
1941,-2.40e-02,-8.00e-01,
1942,-8.00e-03,-8.00e-01,
1943,0.00e+00,-8.00e-01,
1944,1.60e-02,-8.00e-01,
1945,2.40e-02,-8.00e-01,
1946,2.40e-02,-8.00e-01,
1947,2.40e-02,-8.00e-01,
1948,1.60e-02,-8.00e-01,
1949,1.60e-02,-8.00e-01,
1950,-8.00e-03,-8.00e-01,
1951,-1.60e-02,-8.00e-01,
1952,-3.20e-02,-8.00e-01,
1953,-3.20e-02,-8.00e-01,
1954,-3.20e-02,-8.00e-01,
1955,-3.20e-02,-8.00e-01,
1956,-2.40e-02,-8.00e-01,
1957,-1.60e-02,-8.00e-01,
1958,-8.00e-03,-8.00e-01,
1959,0.00e+00,-8.00e-01,
1960,1.60e-02,-8.00e-01,
1961,2.40e-02,-1.47e-04,
1962,2.40e-02,-8.00e-01,
1963,1.60e-02,-8.00e-01,
1964,1.60e-02,-8.00e-01,
1965,0.00e+00,-8.00e-01,
1966,-8.00e-03,-8.00e-01,
1967,-1.60e-02,-8.00e-01,
1968,-2.40e-02,-8.00e-01,
1969,-2.40e-02,-8.00e-01,
1970,-3.20e-02,-8.00e-01,
1971,-2.40e-02,-8.00e-01,
1972,-1.60e-02,-8.00e-01,
1973,-8.00e-03,-8.00e-01,
1974,-8.00e-03,-8.00e-01,
1975,0.00e+00,-8.00e-01,
1976,1.60e-02,-8.00e-01,
1977,2.40e-02,-1.47e-04,
1978,1.60e-02,-8.00e-01,
1979,1.60e-02,-8.00e-01,
1980,0.00e+00,-8.00e-01,
1981,0.00e+00,-8.00e-01,
1982,-8.00e-03,-8.00e-01,
1983,-1.60e-02,-8.00e-01,
1984,-2.40e-02,-8.00e-01,
1985,-1.60e-02,-8.00e-01,
1986,-2.40e-02,-8.00e-01,
1987,-1.60e-02,-8.00e-01,
1988,-1.60e-02,-8.00e-01,
1989,-8.00e-03,-8.00e-01,
1990,0.00e+00,-8.00e-01,
1991,0.00e+00,-8.00e-01,
1992,1.60e-02,-8.00e-01,
1993,1.60e-02,-8.00e-01,
1994,1.60e-02,-8.00e-01,
1995,1.60e-02,-8.00e-01,
1996,0.00e+00,-8.00e-01,
1997,0.00e+00,-8.00e-01,
1998,-8.00e-03,-8.00e-01,
1999,-1.60e-02,-8.00e-01,
2000,-1.60e-02,-8.00e-01,
2001,-1.60e-02,-8.00e-01,
2002,-1.60e-02,-8.00e-01,
2003,-1.60e-02,-8.00e-01,
2004,-8.00e-03,-8.00e-01,
2005,0.00e+00,-8.00e-01,
2006,0.00e+00,-8.00e-01,
2007,0.00e+00,-8.00e-01,
2008,1.60e-02,-8.00e-01,
2009,1.60e-02,-8.00e-01,
2010,1.60e-02,-8.00e-01,
2011,0.00e+00,-8.00e-01,
2012,0.00e+00,-8.00e-01,
2013,0.00e+00,-8.00e-01,
2014,-8.00e-03,-8.00e-01,
2015,-8.00e-03,-8.00e-01,
2016,-1.60e-02,-8.00e-01,
2017,-8.00e-03,-8.00e-01,
2018,-1.60e-02,-8.00e-01,
2019,-1.60e-02,-8.00e-01,
2020,-8.00e-03,-8.00e-01,
2021,0.00e+00,-8.00e-01,
2022,0.00e+00,-8.00e-01,
2023,0.00e+00,-8.00e-01,
2024,0.00e+00,-8.00e-01,
2025,1.60e-02,-8.00e-01,
2026,1.60e-02,-8.00e-01,
2027,0.00e+00,-8.00e-01,
2028,0.00e+00,-8.00e-01,
2029,0.00e+00,-8.00e-01,
2030,-8.00e-03,-8.00e-01,
2031,-8.00e-03,-8.00e-01,
2032,-8.00e-03,-8.00e-01,
2033,-8.00e-03,-8.00e-01,
2034,-8.00e-03,-8.00e-01,
2035,-8.00e-03,-8.00e-01,
2036,-8.00e-03,-8.00e-01,
2037,0.00e+00,-1.47e-04,
2038,0.00e+00,-8.00e-01,
2039,0.00e+00,-8.00e-01,
2040,0.00e+00,-8.00e-01,
2041,1.60e-02,-8.00e-01,
2042,1.60e-02,-8.00e-01,
2043,0.00e+00,-8.00e-01,
2044,0.00e+00,-8.00e-01,
2045,0.00e+00,-8.00e-01,
2046,-8.00e-03,-8.00e-01,
2047,-8.00e-03,-8.00e-01,
2048,-8.00e-03,-8.00e-01,
2049,0.00e+00,-8.00e-01,
2050,-8.00e-03,-8.00e-01,
2051,-8.00e-03,-8.00e-01,
2052,0.00e+00,-8.00e-01,
2053,0.00e+00,-8.00e-01,
2054,0.00e+00,-8.00e-01,
2055,0.00e+00,-8.00e-01,
2056,0.00e+00,-8.00e-01,
2057,1.60e-02,-8.00e-01,
2058,1.60e-02,-8.00e-01,
2059,0.00e+00,-8.00e-01,
2060,0.00e+00,-8.00e-01,
2061,0.00e+00,-8.00e-01,
2062,0.00e+00,-8.00e-01,
2063,-8.00e-03,-8.00e-01,
2064,-8.00e-03,-1.47e-04,
2065,0.00e+00,-8.00e-01,
2066,-8.00e-03,-8.00e-01,
2067,0.00e+00,-8.00e-01,
2068,0.00e+00,-8.00e-01,
2069,0.00e+00,-8.00e-01,
2070,0.00e+00,-8.00e-01,
2071,1.60e-02,-8.00e-01,
2072,0.00e+00,-8.00e-01,
2073,1.60e-02,-8.00e-01,
2074,0.00e+00,-1.47e-04,
2075,0.00e+00,-8.00e-01,
2076,0.00e+00,-8.00e-01,
2077,0.00e+00,-8.00e-01,
2078,0.00e+00,-8.00e-01,
2079,0.00e+00,-8.00e-01,
2080,0.00e+00,-8.00e-01,
2081,0.00e+00,-8.00e-01,
2082,0.00e+00,-1.47e-04,
2083,0.00e+00,-8.00e-01,
2084,0.00e+00,-1.47e-04,
2085,1.60e-02,-8.00e-01,
2086,1.60e-02,-8.00e-01,
2087,1.60e-02,-1.47e-04,
2088,1.60e-02,-8.00e-01,
2089,1.60e-02,-1.47e-04,
2090,1.60e-02,-1.47e-04,
2091,1.60e-02,-8.00e-01,
2092,0.00e+00,-8.00e-01,
2093,1.60e-02,-8.00e-01,
2094,0.00e+00,-8.00e-01,
2095,0.00e+00,-8.00e-01,
2096,0.00e+00,-8.00e-01,
2097,0.00e+00,-1.47e-04,
2098,0.00e+00,-8.00e-01,
2099,0.00e+00,-8.00e-01,
2100,1.60e-02,-8.00e-01,
2101,1.60e-02,-8.00e-01,
2102,0.00e+00,-8.00e-01,
2103,0.00e+00,-8.00e-01,
2104,1.60e-02,-1.47e-04,
2105,1.60e-02,-8.00e-01,
2106,1.60e-02,-8.00e-01,
2107,1.60e-02,-8.00e-01,
2108,0.00e+00,-8.00e-01,
2109,1.60e-02,-1.47e-04,
2110,0.00e+00,-8.00e-01,
2111,0.00e+00,-8.00e-01,
2112,0.00e+00,-8.00e-01,
2113,0.00e+00,-8.00e-01,
2114,0.00e+00,-8.00e-01,
2115,1.60e-02,-8.00e-01,
2116,1.60e-02,-8.00e-01,
2117,1.60e-02,-8.00e-01,
2118,1.60e-02,-8.00e-01,
2119,1.60e-02,-8.00e-01,
2120,1.60e-02,-8.00e-01,
2121,1.60e-02,-8.00e-01,
2122,1.60e-02,-8.00e-01,
2123,1.60e-02,-8.00e-01,
2124,1.60e-02,-8.00e-01,
2125,1.60e-02,-8.00e-01,
2126,0.00e+00,-8.00e-01,
2127,1.60e-02,-8.00e-01,
2128,0.00e+00,-8.00e-01,
2129,1.60e-02,-8.00e-01,
2130,1.60e-02,-8.00e-01,
2131,1.60e-02,-8.00e-01,
2132,1.60e-02,-8.00e-01,
2133,1.60e-02,-8.00e-01,
2134,1.60e-02,-8.00e-01,
2135,1.60e-02,-8.00e-01,
2136,1.60e-02,-8.00e-01,
2137,1.60e-02,-8.00e-01,
2138,1.60e-02,-8.00e-01,
2139,1.60e-02,-8.00e-01,
2140,1.60e-02,-8.00e-01,
2141,1.60e-02,-1.47e-04,
2142,1.60e-02,-8.00e-01,
2143,1.60e-02,-8.00e-01,
2144,1.60e-02,-8.00e-01,
2145,1.60e-02,-8.00e-01,
2146,1.60e-02,-1.47e-04,
2147,1.60e-02,-8.00e-01,
2148,1.60e-02,-8.00e-01,
2149,1.60e-02,-8.00e-01,
2150,1.60e-02,-8.00e-01,
2151,1.60e-02,-8.00e-01,
2152,1.60e-02,-8.00e-01,
2153,1.60e-02,-8.00e-01,
2154,1.60e-02,-1.47e-04,
2155,1.60e-02,-8.00e-01,
2156,1.60e-02,-8.00e-01,
2157,1.60e-02,-1.47e-04,
2158,1.60e-02,-8.00e-01,
2159,1.60e-02,-8.00e-01,
2160,1.60e-02,-8.00e-01,
2161,1.60e-02,-8.00e-01,
2162,1.60e-02,-8.00e-01,
2163,1.60e-02,-8.00e-01,
2164,1.60e-02,-8.00e-01,
2165,2.40e-02,-1.47e-04,
2166,1.60e-02,-8.00e-01,
2167,1.60e-02,-8.00e-01,
2168,1.60e-02,-8.00e-01,
2169,1.60e-02,-1.47e-04,
2170,1.60e-02,-8.00e-01,
2171,1.60e-02,-8.00e-01,
2172,1.60e-02,-8.00e-01,
2173,1.60e-02,-8.00e-01,
2174,1.60e-02,-8.00e-01,
2175,1.60e-02,-8.00e-01,
2176,1.60e-02,-8.00e-01,
2177,2.40e-02,-8.00e-01,
2178,1.60e-02,-8.00e-01,
2179,1.60e-02,-8.00e-01,
2180,1.60e-02,-8.00e-01,
2181,2.40e-02,-1.47e-04,
2182,1.60e-02,-8.00e-01,
2183,2.40e-02,-8.00e-01,
2184,1.60e-02,-8.00e-01,
2185,2.40e-02,-1.47e-04,
2186,1.60e-02,-1.47e-04,
2187,1.60e-02,-8.00e-01,
2188,1.60e-02,-8.00e-01,
2189,2.40e-02,-1.47e-04,
2190,1.60e-02,-8.00e-01,
2191,1.60e-02,-8.00e-01,
2192,1.60e-02,-8.00e-01,
2193,2.40e-02,-1.47e-04,
2194,2.40e-02,-8.00e-01,
2195,2.40e-02,-8.00e-01,
2196,2.40e-02,-1.47e-04,
2197,2.40e-02,-1.47e-04,
2198,2.40e-02,-1.47e-04,
2199,2.40e-02,-8.00e-01,
2200,2.40e-02,-8.00e-01,
2201,2.40e-02,-1.47e-04,
2202,2.40e-02,-8.00e-01,
2203,2.40e-02,-8.00e-01,
2204,2.40e-02,-8.00e-01,
2205,2.40e-02,-8.00e-01,
2206,2.40e-02,-8.00e-01,
2207,2.40e-02,-8.00e-01,
2208,1.60e-02,-8.00e-01,
2209,2.40e-02,-1.47e-04,
2210,2.40e-02,-1.47e-04,
2211,2.40e-02,-8.00e-01,
2212,2.40e-02,-8.00e-01,
2213,2.40e-02,-1.47e-04,
2214,2.40e-02,-8.00e-01,
2215,2.40e-02,-8.00e-01,
2216,2.40e-02,-1.47e-04,
2217,2.40e-02,-1.47e-04,
2218,2.40e-02,-1.47e-04,
2219,2.40e-02,-8.00e-01,
2220,2.40e-02,-1.47e-04,
2221,2.40e-02,-1.47e-04,
2222,2.40e-02,-8.00e-01,
2223,2.40e-02,-8.00e-01,
2224,2.40e-02,-8.00e-01,
2225,2.40e-02,-1.47e-04,
2226,2.40e-02,-1.47e-04,
2227,2.40e-02,-8.00e-01,
2228,2.40e-02,-1.47e-04,
2229,2.40e-02,-8.00e-01,
2230,2.40e-02,-8.00e-01,
2231,2.40e-02,-8.00e-01,
2232,2.40e-02,-8.00e-01,
2233,2.40e-02,-1.47e-04,
2234,2.40e-02,-1.47e-04,
2235,2.40e-02,-8.00e-01,
2236,2.40e-02,-8.00e-01,
2237,2.40e-02,-1.47e-04,
2238,2.40e-02,-8.00e-01,
2239,2.40e-02,-8.00e-01,
2240,2.40e-02,-1.47e-04,
2241,2.40e-02,-1.47e-04,
2242,2.40e-02,-8.00e-01,
2243,2.40e-02,-8.00e-01,
2244,2.40e-02,-8.00e-01,
2245,2.40e-02,-1.47e-04,
2246,2.40e-02,-8.00e-01,
2247,2.40e-02,-8.00e-01,
2248,2.40e-02,-8.00e-01,
2249,2.40e-02,-1.47e-04,
2250,2.40e-02,-8.00e-01,
2251,2.40e-02,-8.00e-01,
2252,2.40e-02,-8.00e-01,
2253,2.40e-02,-1.47e-04,
2254,2.40e-02,-8.00e-01,
2255,2.40e-02,-8.00e-01,
2256,2.40e-02,-8.00e-01,
2257,2.40e-02,-8.00e-01,
2258,2.40e-02,-1.47e-04,
2259,2.40e-02,-8.00e-01,
2260,2.40e-02,-1.47e-04,
2261,3.20e-02,-1.47e-04,
2262,2.40e-02,-8.00e-01,
2263,2.40e-02,-8.00e-01,
2264,2.40e-02,-1.47e-04,
2265,3.20e-02,-1.47e-04,
2266,2.40e-02,-1.47e-04,
2267,2.40e-02,-8.00e-01,
2268,2.40e-02,-8.00e-01,
2269,3.20e-02,-1.47e-04,
2270,2.40e-02,-8.00e-01,
2271,3.20e-02,-8.00e-01,
2272,2.40e-02,-8.00e-01,
2273,3.20e-02,-1.47e-04,
2274,3.20e-02,-1.47e-04,
2275,2.40e-02,-8.00e-01,
2276,2.40e-02,-1.47e-04,
2277,3.20e-02,-8.00e-01,
2278,3.20e-02,-8.00e-01,
2279,3.20e-02,-1.47e-04,
2280,2.40e-02,-8.00e-01,
2281,3.20e-02,-1.47e-04,
2282,3.20e-02,-1.47e-04,
2283,3.20e-02,-8.00e-01,
2284,3.20e-02,-1.47e-04,
2285,3.20e-02,-1.47e-04,
2286,2.40e-02,-8.00e-01,
2287,2.40e-02,-1.47e-04,
2288,3.20e-02,-8.00e-01,
2289,3.20e-02,-1.47e-04,
2290,3.20e-02,-1.47e-04,
2291,3.20e-02,-8.00e-01,
2292,3.20e-02,-1.47e-04,
2293,3.20e-02,-8.00e-01,
2294,3.20e-02,-1.47e-04,
2295,3.20e-02,-8.00e-01,
2296,3.20e-02,-1.47e-04,
2297,3.20e-02,-1.47e-04,
2298,3.20e-02,-1.47e-04,
2299,3.20e-02,-8.00e-01,
2300,3.20e-02,-1.47e-04,
2301,3.20e-02,-1.47e-04,
2302,3.20e-02,-8.00e-01,
2303,3.20e-02,-8.00e-01,
2304,3.20e-02,-1.47e-04,
2305,3.20e-02,-8.00e-01,
2306,3.20e-02,-1.47e-04,
2307,3.20e-02,-8.00e-01,
2308,3.20e-02,-8.00e-01,
2309,3.20e-02,-1.47e-04,
2310,3.20e-02,-1.47e-04,
2311,3.20e-02,-8.00e-01,
2312,3.20e-02,-8.00e-01,
2313,3.20e-02,-1.47e-04,
2314,3.20e-02,-1.47e-04,
2315,3.20e-02,-8.00e-01,
2316,3.20e-02,-1.47e-04,
2317,3.20e-02,-1.47e-04,
2318,3.20e-02,-1.47e-04,
2319,3.20e-02,-8.00e-01,
2320,3.20e-02,-8.00e-01,
2321,3.20e-02,-1.47e-04,
2322,3.20e-02,-8.00e-01,
2323,3.20e-02,-8.00e-01,
2324,3.20e-02,-8.00e-01,
2325,3.20e-02,-8.00e-01,
2326,3.20e-02,-1.47e-04,
2327,3.20e-02,-8.00e-01,
2328,3.20e-02,-8.00e-01,
2329,3.20e-02,-1.47e-04,
2330,3.20e-02,-1.47e-04,
2331,3.20e-02,-8.00e-01,
2332,3.20e-02,-8.00e-01,
2333,3.20e-02,-1.47e-04,
2334,3.20e-02,-1.47e-04,
2335,3.20e-02,-8.00e-01,
2336,3.20e-02,-1.47e-04,
2337,4.00e-02,-1.47e-04,
2338,3.20e-02,-1.47e-04,
2339,3.20e-02,-1.47e-04,
2340,3.20e-02,-1.47e-04,
2341,3.20e-02,-1.47e-04,
2342,3.20e-02,-8.00e-01,
2343,3.20e-02,-1.47e-04,
2344,3.20e-02,-1.47e-04,
2345,4.00e-02,-8.00e-01,
2346,3.20e-02,-1.47e-04,
2347,3.20e-02,-1.47e-04,
2348,3.20e-02,-8.00e-01,
2349,3.20e-02,-1.47e-04,
2350,3.20e-02,-8.00e-01,
2351,3.20e-02,-1.47e-04,
2352,3.20e-02,-1.47e-04,
2353,4.00e-02,-1.47e-04,
2354,3.20e-02,-1.47e-04,
2355,3.20e-02,-8.00e-01,
2356,3.20e-02,-1.47e-04,
2357,4.00e-02,-1.47e-04,
2358,3.20e-02,-1.47e-04,
2359,4.00e-02,-8.00e-01,
2360,3.20e-02,-1.47e-04,
2361,4.00e-02,-1.47e-04,
2362,3.20e-02,-1.47e-04,
2363,3.20e-02,-1.47e-04,
2364,4.00e-02,-1.47e-04,
2365,4.00e-02,-1.47e-04,
2366,4.00e-02,-1.47e-04,
2367,4.00e-02,-8.00e-01,
2368,3.20e-02,-1.47e-04,
2369,4.00e-02,-1.47e-04,
2370,4.00e-02,-1.47e-04,
2371,4.00e-02,-8.00e-01,
2372,4.00e-02,-8.00e-01,
2373,4.00e-02,-8.00e-01,
2374,4.00e-02,-1.47e-04,
2375,4.00e-02,-8.00e-01,
2376,4.00e-02,-1.47e-04,
2377,4.00e-02,-1.47e-04,
2378,4.00e-02,-1.47e-04,
2379,3.20e-02,-8.00e-01,
2380,4.00e-02,-8.00e-01,
2381,4.00e-02,-1.47e-04,
2382,4.00e-02,-8.00e-01,
2383,4.00e-02,-1.47e-04,
2384,4.00e-02,-1.47e-04,
2385,4.00e-02,-1.47e-04,
2386,4.00e-02,-1.47e-04,
2387,4.00e-02,-8.00e-01,
2388,4.00e-02,-8.00e-01,
2389,4.00e-02,-1.47e-04,
2390,4.00e-02,-1.47e-04,
2391,4.00e-02,-1.47e-04,
2392,4.00e-02,-1.47e-04,
2393,4.00e-02,-1.47e-04,
2394,4.00e-02,-1.47e-04,
2395,4.00e-02,-8.00e-01,
2396,4.00e-02,-1.47e-04,
2397,4.00e-02,-8.00e-01,
2398,4.00e-02,-1.47e-04,
2399,4.00e-02,-8.00e-01,
2400,4.00e-02,-1.47e-04,
2401,4.00e-02,-1.47e-04,
2402,4.00e-02,-1.47e-04,
2403,4.00e-02,-1.47e-04,
2404,4.00e-02,-8.00e-01,
2405,4.00e-02,-1.47e-04,
2406,4.00e-02,-1.47e-04,
2407,4.00e-02,-8.00e-01,
2408,4.00e-02,-1.47e-04,
2409,4.00e-02,-1.47e-04,
2410,4.00e-02,-1.47e-04,
2411,4.00e-02,-1.47e-04,
2412,4.00e-02,-8.00e-01,
2413,4.00e-02,-1.47e-04,
2414,4.00e-02,-1.47e-04,
2415,4.00e-02,-8.00e-01,
2416,4.00e-02,-1.47e-04,
2417,4.80e-02,-1.47e-04,
2418,4.00e-02,-1.47e-04,
2419,4.00e-02,-1.47e-04,
2420,4.00e-02,-8.00e-01,
2421,4.00e-02,-1.47e-04,
2422,4.00e-02,-1.47e-04,
2423,4.00e-02,-1.47e-04,
2424,4.00e-02,-1.47e-04,
2425,4.80e-02,-1.47e-04,
2426,4.00e-02,-1.47e-04,
2427,4.00e-02,-8.00e-01,
2428,4.00e-02,-8.00e-01,
2429,4.00e-02,-1.47e-04,
2430,4.00e-02,-1.47e-04,
2431,4.80e-02,-1.47e-04,
2432,4.00e-02,-1.47e-04,
2433,4.80e-02,-1.47e-04,
2434,4.00e-02,-1.47e-04,
2435,4.00e-02,-8.00e-01,
2436,4.00e-02,-1.47e-04,
2437,4.80e-02,-1.47e-04,
2438,4.00e-02,-1.47e-04,
2439,4.00e-02,-8.00e-01,
2440,4.80e-02,-1.47e-04,
2441,4.80e-02,-1.47e-04,
2442,4.80e-02,-8.00e-01,
2443,4.00e-02,-1.47e-04,
2444,4.80e-02,-1.47e-04,
2445,4.80e-02,-1.47e-04,
2446,4.00e-02,-1.47e-04,
2447,4.80e-02,-8.00e-01,
2448,4.00e-02,-1.47e-04,
2449,4.80e-02,-1.47e-04,
2450,4.00e-02,-1.47e-04,
2451,4.80e-02,-8.00e-01,
2452,4.80e-02,-1.47e-04,
2453,4.80e-02,-1.47e-04,
2454,4.00e-02,-1.47e-04,
2455,4.80e-02,-8.00e-01,
2456,4.00e-02,-1.47e-04,
2457,4.80e-02,-1.47e-04,
2458,4.80e-02,-8.00e-01,
2459,4.80e-02,-8.00e-01,
2460,4.80e-02,-1.47e-04,
2461,4.80e-02,-1.47e-04,
2462,4.80e-02,-1.47e-04,
2463,4.80e-02,-8.00e-01,
2464,4.80e-02,-1.47e-04,
2465,4.80e-02,-1.47e-04,
2466,4.80e-02,-1.47e-04,
2467,4.80e-02,-8.00e-01,
2468,4.80e-02,-1.47e-04,
2469,4.80e-02,-1.47e-04,
2470,4.80e-02,-1.47e-04,
2471,4.80e-02,-1.47e-04,
2472,4.80e-02,-1.47e-04,
2473,4.80e-02,-1.47e-04,
2474,4.80e-02,-1.47e-04,
2475,4.80e-02,-8.00e-01,
2476,4.80e-02,-1.47e-04,
2477,4.80e-02,-1.47e-04,
2478,4.80e-02,-1.47e-04,
2479,4.80e-02,-1.47e-04,
2480,4.80e-02,-8.00e-01,
2481,4.80e-02,-1.47e-04,
2482,4.80e-02,-1.47e-04,
2483,4.80e-02,-8.00e-01,
2484,4.80e-02,-1.47e-04,
2485,4.80e-02,-1.47e-04,
2486,4.80e-02,-8.00e-01,
2487,4.80e-02,-1.47e-04,
2488,4.80e-02,-8.00e-01,
2489,4.80e-02,-1.47e-04,
2490,4.80e-02,-1.47e-04,
2491,4.80e-02,-8.00e-01,
2492,4.80e-02,-1.47e-04,
2493,4.80e-02,-1.47e-04,
2494,4.80e-02,-1.47e-04,
2495,4.80e-02,-8.00e-01,
2496,4.80e-02,-1.47e-04,
2497,4.80e-02,-1.47e-04,
2498,4.80e-02,-1.47e-04,
2499,4.80e-02,-8.00e-01,
2500,4.80e-02,-1.47e-04,
2501,4.80e-02,-1.47e-04,
2502,4.80e-02,-8.00e-01,
2503,4.80e-02,-8.00e-01,
2504,4.80e-02,-1.47e-04,
2505,5.60e-02,-1.47e-04,
2506,4.80e-02,-1.47e-04,
2507,4.80e-02,-8.00e-01,
2508,4.80e-02,-1.47e-04,
2509,4.80e-02,-1.47e-04,
2510,4.80e-02,-8.00e-01,
2511,4.80e-02,-8.00e-01,
2512,4.80e-02,-1.47e-04,
2513,5.60e-02,-1.47e-04,
2514,4.80e-02,-1.47e-04,
2515,4.80e-02,-8.00e-01,
2516,4.80e-02,-1.47e-04,
2517,5.60e-02,-1.47e-04,
2518,4.80e-02,-1.47e-04,
2519,5.60e-02,-1.47e-04,
2520,4.80e-02,-1.47e-04,
2521,5.60e-02,-1.47e-04,
2522,4.80e-02,-1.47e-04,
2523,4.80e-02,-1.47e-04,
2524,4.80e-02,-1.47e-04,
2525,5.60e-02,-1.47e-04,
2526,5.60e-02,-1.47e-04,
2527,5.60e-02,-8.00e-01,
2528,4.80e-02,-1.47e-04,
2529,5.60e-02,-1.47e-04,
2530,4.80e-02,-1.47e-04,
2531,4.80e-02,-1.47e-04,
2532,4.80e-02,-8.00e-01,
2533,5.60e-02,-1.47e-04,
2534,5.60e-02,-1.47e-04,
2535,5.60e-02,-8.00e-01,
2536,4.80e-02,-1.47e-04,
2537,5.60e-02,-1.47e-04,
2538,5.60e-02,-1.47e-04,
2539,4.80e-02,-1.47e-04,
2540,5.60e-02,-8.00e-01,
2541,5.60e-02,-1.47e-04,
2542,5.60e-02,-1.47e-04,
2543,5.60e-02,-1.47e-04,
2544,5.60e-02,-1.47e-04,
2545,5.60e-02,-1.47e-04,
2546,5.60e-02,-1.47e-04,
2547,4.80e-02,-8.00e-01,
2548,5.60e-02,-8.00e-01,
2549,5.60e-02,-1.47e-04,
2550,5.60e-02,-1.47e-04,
2551,5.60e-02,-1.47e-04,
2552,5.60e-02,-1.47e-04,
2553,5.60e-02,-1.47e-04,
2554,5.60e-02,-1.47e-04,
2555,5.60e-02,-8.00e-01,
2556,5.60e-02,-1.47e-04,
2557,5.60e-02,-1.47e-04,
2558,5.60e-02,-1.47e-04,
2559,5.60e-02,-1.47e-04,
2560,5.60e-02,-1.47e-04,
2561,5.60e-02,-1.47e-04,
2562,5.60e-02,-1.47e-04,
2563,5.60e-02,-1.47e-04,
2564,5.60e-02,-8.00e-01,
2565,5.60e-02,-1.47e-04,
2566,5.60e-02,-1.47e-04,
2567,5.60e-02,-8.00e-01,
2568,5.60e-02,-1.47e-04,
2569,5.60e-02,-1.47e-04,
2570,5.60e-02,-1.47e-04,
2571,5.60e-02,-1.47e-04,
2572,5.60e-02,-1.47e-04,
2573,5.60e-02,-1.47e-04,
2574,5.60e-02,-1.47e-04,
2575,5.60e-02,-1.47e-04,
2576,5.60e-02,-1.47e-04,
2577,5.60e-02,-1.47e-04,
2578,5.60e-02,-1.47e-04,
2579,5.60e-02,-8.00e-01,
2580,5.60e-02,-1.47e-04,
2581,6.40e-02,-1.47e-04,
2582,5.60e-02,-1.47e-04,
2583,5.60e-02,-8.00e-01,
2584,5.60e-02,-1.47e-04,
2585,5.60e-02,-1.47e-04,
2586,5.60e-02,-1.47e-04,
2587,5.60e-02,-1.47e-04,
2588,5.60e-02,-1.47e-04,
2589,5.60e-02,-1.47e-04,
2590,5.60e-02,-1.47e-04,
2591,5.60e-02,-8.00e-01,
2592,5.60e-02,-1.47e-04,
2593,6.40e-02,-1.47e-04,
2594,5.60e-02,-1.47e-04,
2595,5.60e-02,-8.00e-01,
2596,5.60e-02,-1.47e-04,
2597,6.40e-02,-1.47e-04,
2598,5.60e-02,-1.47e-04,
2599,5.60e-02,-1.47e-04,
2600,5.60e-02,-1.47e-04,
2601,5.60e-02,-1.47e-04,
2602,5.60e-02,-1.47e-04,
2603,5.60e-02,-1.47e-04,
2604,5.60e-02,-1.47e-04,
2605,6.40e-02,-1.47e-04,
2606,5.60e-02,-1.47e-04,
2607,6.40e-02,-8.00e-01,
2608,5.60e-02,-1.47e-04,
2609,6.40e-02,-1.47e-04,
2610,5.60e-02,-1.47e-04,
2611,5.60e-02,-1.47e-04,
2612,5.60e-02,-1.47e-04,
2613,6.40e-02,-1.47e-04,
2614,5.60e-02,-1.47e-04,
2615,6.40e-02,-8.00e-01,
2616,6.40e-02,-1.47e-04,
2617,6.40e-02,-1.47e-04,
2618,5.60e-02,-1.47e-04,
2619,6.40e-02,-1.47e-04,
2620,6.40e-02,-1.47e-04,
2621,6.40e-02,-1.47e-04,
2622,6.40e-02,-8.00e-01,
2623,6.40e-02,-1.47e-04,
2624,5.60e-02,-1.47e-04,
2625,6.40e-02,-1.47e-04,
2626,6.40e-02,-1.47e-04,
2627,6.40e-02,-8.00e-01,
2628,6.40e-02,-1.47e-04,
2629,6.40e-02,-1.47e-04,
2630,6.40e-02,-1.47e-04,
2631,6.40e-02,-1.47e-04,
2632,6.40e-02,-1.47e-04,
2633,6.40e-02,-1.47e-04,
2634,6.40e-02,-1.47e-04,
2635,6.40e-02,-1.47e-04,
2636,6.40e-02,-1.47e-04,
2637,6.40e-02,-1.47e-04,
2638,6.40e-02,-1.47e-04,
2639,6.40e-02,-1.47e-04,
2640,6.40e-02,-1.47e-04,
2641,6.40e-02,-1.47e-04,
2642,6.40e-02,-8.00e-01,
2643,6.40e-02,-1.47e-04,
2644,6.40e-02,-1.47e-04,
2645,6.40e-02,-1.47e-04,
2646,6.40e-02,-1.47e-04,
2647,6.40e-02,-8.00e-01,
2648,6.40e-02,-1.47e-04,
2649,6.40e-02,-1.47e-04,
2650,6.40e-02,-1.47e-04,
2651,6.40e-02,-1.47e-04,
2652,6.40e-02,-1.47e-04,
2653,6.40e-02,-1.47e-04,
2654,6.40e-02,-1.47e-04,
2655,6.40e-02,-8.00e-01,
2656,6.40e-02,-1.47e-04,
2657,6.40e-02,-1.47e-04,
2658,6.40e-02,-1.47e-04,
2659,6.40e-02,-1.47e-04,
2660,6.40e-02,-1.47e-04,
2661,6.40e-02,-1.47e-04,
2662,6.40e-02,-1.47e-04,
2663,6.40e-02,-8.00e-01,
2664,6.40e-02,-1.47e-04,
2665,6.40e-02,-1.47e-04,
2666,6.40e-02,-1.47e-04,
2667,6.40e-02,-1.47e-04,
2668,6.40e-02,-1.47e-04,
2669,6.40e-02,-1.47e-04,
2670,6.40e-02,-1.47e-04,
2671,6.40e-02,-1.47e-04,
2672,6.40e-02,-1.47e-04,
2673,6.40e-02,-1.47e-04,
2674,6.40e-02,-1.47e-04,
2675,6.40e-02,-8.00e-01,
2676,6.40e-02,-1.47e-04,
2677,6.40e-02,-1.47e-04,
2678,6.40e-02,-1.47e-04,
2679,6.40e-02,-1.47e-04,
2680,6.40e-02,-1.47e-04,
2681,7.20e-02,-1.47e-04,
2682,6.40e-02,-1.47e-04,
2683,6.40e-02,-8.00e-01,
2684,6.40e-02,-1.47e-04,
2685,6.40e-02,-1.47e-04,
2686,6.40e-02,-8.00e-01,
2687,6.40e-02,-1.47e-04,
2688,6.40e-02,-8.00e-01,
2689,7.20e-02,-1.47e-04,
2690,6.40e-02,-1.47e-04,
2691,6.40e-02,-8.00e-01,
2692,6.40e-02,-1.47e-04,
2693,7.20e-02,-1.47e-04,
2694,6.40e-02,-1.47e-04,
2695,6.40e-02,-8.00e-01,
2696,6.40e-02,-1.47e-04,
2697,7.20e-02,-1.47e-04,
2698,7.20e-02,-1.47e-04,
2699,6.40e-02,-1.47e-04,
2700,6.40e-02,-1.47e-04,
2701,7.20e-02,-1.47e-04,
2702,7.20e-02,-1.47e-04,
2703,7.20e-02,-1.47e-04,
2704,7.20e-02,-1.47e-04,
2705,7.20e-02,-1.47e-04,
2706,7.20e-02,-1.47e-04,
2707,7.20e-02,-1.47e-04,
2708,7.20e-02,-1.47e-04,
2709,7.20e-02,-1.47e-04,
2710,7.20e-02,-1.47e-04,
2711,7.20e-02,-1.47e-04,
2712,6.40e-02,-1.47e-04,
2713,7.20e-02,-1.47e-04,
2714,6.40e-02,-1.47e-04,
2715,6.40e-02,-1.47e-04,
2716,7.20e-02,-1.47e-04,
2717,7.20e-02,-1.47e-04,
2718,7.20e-02,-1.47e-04,
2719,7.20e-02,-1.47e-04,
2720,6.40e-02,-1.47e-04,
2721,7.20e-02,-1.47e-04,
2722,7.20e-02,-1.47e-04,
2723,7.20e-02,-1.47e-04,
2724,7.20e-02,-1.47e-04,
2725,7.20e-02,-1.47e-04,
2726,7.20e-02,-1.47e-04,
2727,7.20e-02,-1.47e-04,
2728,7.20e-02,-1.47e-04,
2729,7.20e-02,-1.47e-04,
2730,7.20e-02,-1.47e-04,
2731,7.20e-02,-1.47e-04,
2732,7.20e-02,-8.00e-01,
2733,7.20e-02,-1.47e-04,
2734,7.20e-02,-1.47e-04,
2735,7.20e-02,-1.47e-04,
2736,7.20e-02,-1.47e-04,
2737,7.20e-02,-1.47e-04,
2738,7.20e-02,-1.47e-04,
2739,7.20e-02,-1.47e-04,
2740,7.20e-02,-1.47e-04,
2741,7.20e-02,-1.47e-04,
2742,7.20e-02,-1.47e-04,
2743,7.20e-02,-1.47e-04,
2744,7.20e-02,-1.47e-04,
2745,7.20e-02,-1.47e-04,
2746,7.20e-02,-1.47e-04,
2747,7.20e-02,-1.47e-04,
2748,7.20e-02,-1.47e-04,
2749,7.20e-02,-1.47e-04,
2750,7.20e-02,-1.47e-04,
2751,7.20e-02,-1.47e-04,
2752,7.20e-02,-1.47e-04,
2753,7.20e-02,-1.47e-04,
2754,7.20e-02,-1.47e-04,
2755,7.20e-02,-8.00e-01,
2756,7.20e-02,-1.47e-04,
2757,7.20e-02,-1.47e-04,
2758,7.20e-02,-1.47e-04,
2759,7.20e-02,-1.47e-04,
2760,7.20e-02,-1.47e-04,
2761,7.20e-02,-1.47e-04,
2762,7.20e-02,-1.47e-04,
2763,7.20e-02,-1.47e-04,
2764,7.20e-02,-1.47e-04,
2765,8.00e-02,-1.47e-04,
2766,7.20e-02,-1.47e-04,
2767,7.20e-02,-1.47e-04,
2768,7.20e-02,-1.47e-04,
2769,8.00e-02,-1.47e-04,
2770,7.20e-02,-1.47e-04,
2771,7.20e-02,-1.47e-04,
2772,7.20e-02,-1.47e-04,
2773,8.00e-02,-1.47e-04,
2774,7.20e-02,-1.47e-04,
2775,7.20e-02,-1.47e-04,
2776,7.20e-02,-1.47e-04,
2777,8.00e-02,-1.47e-04,
2778,7.20e-02,-1.47e-04,
2779,7.20e-02,-1.47e-04,
2780,7.20e-02,-1.47e-04,
2781,8.00e-02,-1.47e-04,
2782,7.20e-02,-1.47e-04,
2783,8.00e-02,-1.47e-04,
2784,7.20e-02,-1.47e-04,
2785,8.00e-02,-1.47e-04,
2786,7.20e-02,-1.47e-04,
2787,8.00e-02,-1.47e-04,
2788,8.00e-02,-1.47e-04,
2789,8.00e-02,-1.47e-04,
2790,7.20e-02,-1.47e-04,
2791,8.00e-02,-1.47e-04,
2792,8.00e-02,-1.47e-04,
2793,8.00e-02,-1.47e-04,
2794,7.20e-02,-1.47e-04,
2795,7.20e-02,-8.00e-01,
2796,7.20e-02,-1.47e-04,
2797,8.00e-02,-1.47e-04,
2798,8.00e-02,-1.47e-04,
2799,8.00e-02,-1.47e-04,
2800,7.20e-02,-1.47e-04,
2801,8.00e-02,-1.47e-04,
2802,8.00e-02,-1.47e-04,
2803,7.20e-02,-1.47e-04,
2804,8.00e-02,-1.47e-04,
2805,8.00e-02,-1.47e-04,
2806,8.00e-02,-1.47e-04,
2807,8.00e-02,-1.47e-04,
2808,8.00e-02,-1.47e-04,
2809,8.00e-02,-1.47e-04,
2810,8.00e-02,-1.47e-04,
2811,8.00e-02,-1.47e-04,
2812,8.00e-02,-1.47e-04,
2813,8.00e-02,-1.47e-04,
2814,8.00e-02,-1.47e-04,
2815,8.00e-02,-1.47e-04,
2816,8.00e-02,-1.47e-04,
2817,8.00e-02,-1.47e-04,
2818,8.00e-02,-1.47e-04,
2819,8.00e-02,-1.47e-04,
2820,8.00e-02,-1.47e-04,
2821,8.00e-02,-1.47e-04,
2822,8.00e-02,-1.47e-04,
2823,8.00e-02,-1.47e-04,
2824,8.00e-02,-1.47e-04,
2825,8.00e-02,-1.47e-04,
2826,8.00e-02,-1.47e-04,
2827,8.00e-02,-1.47e-04,
2828,8.00e-02,-1.47e-04,
2829,8.00e-02,-1.47e-04,
2830,8.00e-02,-1.47e-04,
2831,8.00e-02,-1.47e-04,
2832,8.00e-02,-1.47e-04,
2833,8.00e-02,-1.47e-04,
2834,8.00e-02,-1.47e-04,
2835,8.00e-02,-1.47e-04,
2836,8.00e-02,-1.47e-04,
2837,8.00e-02,-1.47e-04,
2838,8.00e-02,-1.47e-04,
2839,8.00e-02,-1.47e-04,
2840,8.00e-02,-1.47e-04,
2841,8.00e-02,-1.47e-04,
2842,8.00e-02,-1.47e-04,
2843,8.00e-02,-1.47e-04,
2844,8.00e-02,-1.47e-04,
2845,8.00e-02,-1.47e-04,
2846,8.00e-02,-1.47e-04,
2847,8.00e-02,-1.47e-04,
2848,8.00e-02,-1.47e-04,
2849,8.00e-02,-1.47e-04,
2850,8.00e-02,-1.47e-04,
2851,8.00e-02,-1.47e-04,
2852,8.00e-02,-1.47e-04,
2853,8.80e-02,-1.47e-04,
2854,8.00e-02,-1.47e-04,
2855,8.00e-02,-8.00e-01,
2856,8.00e-02,-1.47e-04,
2857,8.80e-02,-1.47e-04,
2858,8.00e-02,-1.47e-04,
2859,8.00e-02,-1.47e-04,
2860,8.00e-02,-1.47e-04,
2861,8.80e-02,-1.47e-04,
2862,8.80e-02,-1.47e-04,
2863,8.00e-02,-1.47e-04,
2864,8.00e-02,-1.47e-04,
2865,8.80e-02,-1.47e-04,
2866,8.00e-02,-1.47e-04,
2867,8.00e-02,-1.47e-04,
2868,8.00e-02,-1.47e-04,
2869,8.80e-02,-1.47e-04,
2870,8.00e-02,-1.47e-04,
2871,8.80e-02,-1.47e-04,
2872,8.00e-02,-1.47e-04,
2873,8.80e-02,-1.47e-04,
2874,8.00e-02,-1.47e-04,
2875,8.80e-02,-8.00e-01,
2876,8.00e-02,-1.47e-04,
2877,8.80e-02,-1.47e-04,
2878,8.80e-02,-1.47e-04,
2879,8.00e-02,-1.47e-04,
2880,8.00e-02,-1.47e-04,
2881,8.80e-02,-1.47e-04,
2882,8.00e-02,-1.47e-04,
2883,8.80e-02,-8.00e-01,
2884,8.00e-02,-1.47e-04,
2885,8.80e-02,-1.47e-04,
2886,8.80e-02,-8.00e-01,
2887,8.80e-02,-1.47e-04,
2888,8.80e-02,-8.00e-01,
2889,8.80e-02,-1.47e-04,
2890,8.00e-02,-1.47e-04,
2891,8.80e-02,-1.47e-04,
2892,8.80e-02,-1.47e-04,
2893,8.80e-02,-1.47e-04,
2894,8.80e-02,-1.47e-04,
2895,8.80e-02,-1.47e-04,
2896,8.80e-02,-1.47e-04,
2897,8.80e-02,-1.47e-04,
2898,8.80e-02,-1.47e-04,
2899,8.80e-02,-1.47e-04,
2900,8.80e-02,-1.47e-04,
2901,8.80e-02,-1.47e-04,
2902,8.80e-02,-1.47e-04,
2903,8.80e-02,-1.47e-04,
2904,8.80e-02,-1.47e-04,
2905,8.80e-02,-1.47e-04,
2906,8.80e-02,-1.47e-04,
2907,8.80e-02,-1.47e-04,
2908,8.80e-02,-1.47e-04,
2909,8.80e-02,-1.47e-04,
2910,8.80e-02,-1.47e-04,
2911,8.80e-02,-1.47e-04,
2912,8.80e-02,-1.47e-04,
2913,8.80e-02,-1.47e-04,
2914,8.80e-02,-1.47e-04,
2915,8.80e-02,-1.47e-04,
2916,8.80e-02,-1.47e-04,
2917,8.80e-02,-1.47e-04,
2918,8.80e-02,-1.47e-04,
2919,8.80e-02,-1.47e-04,
2920,8.80e-02,-1.47e-04,
2921,8.80e-02,-1.47e-04,
2922,8.80e-02,-1.47e-04,
2923,8.80e-02,-1.47e-04,
2924,8.80e-02,-1.47e-04,
2925,8.80e-02,-1.47e-04,
2926,8.80e-02,-1.47e-04,
2927,8.80e-02,-1.47e-04,
2928,8.80e-02,-1.47e-04,
2929,8.80e-02,-1.47e-04,
2930,8.80e-02,-1.47e-04,
2931,8.80e-02,-1.47e-04,
2932,8.80e-02,-1.47e-04,
2933,8.80e-02,-1.47e-04,
2934,8.80e-02,-1.47e-04,
2935,8.80e-02,-8.00e-01,
2936,8.80e-02,-1.47e-04,
2937,8.80e-02,-1.47e-04,
2938,8.80e-02,-1.47e-04,
2939,8.80e-02,-1.47e-04,
2940,8.80e-02,-1.47e-04,
2941,9.60e-02,-1.47e-04,
2942,8.80e-02,-1.47e-04,
2943,8.80e-02,-1.47e-04,
2944,8.80e-02,-1.47e-04,
2945,9.60e-02,-1.47e-04,
2946,8.80e-02,-1.47e-04,
2947,9.60e-02,-1.47e-04,
2948,8.80e-02,-1.47e-04,
2949,9.60e-02,-1.47e-04,
2950,8.80e-02,-1.47e-04,
2951,9.60e-02,-1.47e-04,
2952,8.80e-02,-1.47e-04,
2953,9.60e-02,-1.47e-04,
2954,8.80e-02,-1.47e-04,
2955,8.80e-02,-1.47e-04,
2956,8.80e-02,-1.47e-04,
2957,9.60e-02,-1.47e-04,
2958,9.60e-02,-1.47e-04,
2959,9.60e-02,-1.47e-04,
2960,8.80e-02,-1.47e-04,
2961,9.60e-02,-1.47e-04,
2962,8.80e-02,-1.47e-04,
2963,8.80e-02,-1.47e-04,
2964,9.60e-02,-1.47e-04,
2965,9.60e-02,-1.47e-04,
2966,9.60e-02,-1.47e-04,
2967,9.60e-02,-1.47e-04,
2968,8.80e-02,-1.47e-04,
2969,9.60e-02,-1.47e-04,
2970,9.60e-02,-1.47e-04,
2971,8.80e-02,-1.47e-04,
2972,8.80e-02,-1.47e-04,
2973,9.60e-02,-1.47e-04,
2974,8.80e-02,-1.47e-04,
2975,9.60e-02,-1.47e-04,
2976,9.60e-02,-1.47e-04,
2977,9.60e-02,-1.47e-04,
2978,9.60e-02,-1.47e-04,
2979,9.60e-02,-1.47e-04,
2980,9.60e-02,-1.47e-04,
2981,9.60e-02,-1.47e-04,
2982,9.60e-02,-1.47e-04,
2983,9.60e-02,-1.47e-04,
2984,9.60e-02,-1.47e-04,
2985,9.60e-02,-1.47e-04,
2986,9.60e-02,-1.47e-04,
2987,9.60e-02,-1.47e-04,
2988,9.60e-02,-1.47e-04,
2989,9.60e-02,-1.47e-04,
2990,9.60e-02,-1.47e-04,
2991,9.60e-02,-1.47e-04,
2992,9.60e-02,-1.47e-04,
2993,9.60e-02,-1.47e-04,
2994,9.60e-02,-1.47e-04,
2995,9.60e-02,-1.47e-04,
2996,9.60e-02,-1.47e-04,
2997,9.60e-02,-1.47e-04,
2998,9.60e-02,-1.47e-04,
2999,9.60e-02,-1.47e-04,
